Registrant Name,Client Name,Filing Type,Amount Reported,Date Posted,Filing Year
AKIN GUMP STRAUSS HAUER & FELD,Hewlett-Packard Company,REGISTRATION,,02/01/2012,2012
AKIN GUMP STRAUSS HAUER & FELD,Hewlett-Packard Company,FIRST QUARTER REPORT,,04/20/2012,2012
AKIN GUMP STRAUSS HAUER & FELD,Hewlett-Packard Company,SECOND QUARTER TERMINATION,,07/19/2012,2012
"ALPINE GROUP, INC.",Hewlett Packard Enterprise,FOURTH QUARTER REPORT,70000.00,01/09/2018,2017
"ALPINE GROUP, INC.",Hewlett Packard Enterprise,FOURTH QUARTER REPORT,30000.00,01/16/2019,2018
"ALPINE GROUP, INC.",Hewlett Packard Enterprise,FIRST QUARTER REPORT,30000.00,04/12/2018,2018
"ALPINE GROUP, INC.",Hewlett Packard Enterprise,FIRST QUARTER REPORT,45000.00,04/22/2019,2019
"ALPINE GROUP, INC.",Hewlett Packard Enterprise,SECOND QUARTER REPORT,30000.00,07/20/2018,2018
"ALPINE GROUP, INC.",Hewlett Packard Enterprise,REGISTRATION,,08/14/2017,2017
"ALPINE GROUP, INC.",Hewlett Packard Enterprise,THIRD QUARTER REPORT,40000.00,10/16/2017,2017
"ALPINE GROUP, INC.",Hewlett Packard Enterprise,THIRD QUARTER REPORT,30000.00,10/19/2018,2018
American Continental Group,Hewlett Packard Enterprise Company,FOURTH QUARTER REPORT,50000.00,01/10/2018,2017
American Continental Group,Hewlett Packard Enterprise Company,FOURTH QUARTER REPORT,20000.00,01/18/2017,2016
American Continental Group,Hewlett Packard Enterprise Company,FOURTH QUARTER REPORT,30000.00,01/20/2016,2015
American Continental Group,Hewlett Packard Enterprise Company,FOURTH QUARTER REPORT,50000.00,01/22/2019,2018
American Continental Group,Hewlett Packard Enterprise Company,FIRST QUARTER REPORT,50000.00,04/18/2019,2019
American Continental Group,Hewlett Packard Enterprise Company,FIRST QUARTER REPORT,20000.00,04/20/2016,2016
American Continental Group,Hewlett Packard Enterprise Company,FIRST QUARTER REPORT,20000.00,04/20/2017,2017
American Continental Group,Hewlett Packard Enterprise Company,FIRST QUARTER REPORT,50000.00,04/20/2018,2018
American Continental Group,Hewlett Packard Enterprise Company,SECOND QUARTER REPORT,20000.00,07/18/2016,2016
American Continental Group,Hewlett Packard Enterprise Company,SECOND QUARTER REPORT,50000.00,07/19/2018,2018
American Continental Group,Hewlett Packard Enterprise Company,SECOND QUARTER REPORT,40000.00,07/20/2017,2017
American Continental Group,Hewlett Packard Enterprise Company,REGISTRATION,,09/21/2015,2015
American Continental Group,Hewlett Packard Enterprise Company,THIRD QUARTER REPORT,50000.00,10/02/2018,2018
American Continental Group,Hewlett Packard Enterprise Company,THIRD QUARTER REPORT,20000.00,10/17/2016,2016
American Continental Group,Hewlett Packard Enterprise Company,THIRD QUARTER REPORT,10000.00,10/20/2015,2015
American Continental Group,Hewlett Packard Enterprise Company,THIRD QUARTER REPORT,50000.00,10/20/2017,2017
American Continental Group,Hewlett-Packard,FOURTH QUARTER REPORT,30000.00,01/15/2014,2013
American Continental Group,Hewlett-Packard,REGISTRATION,,01/18/2013,2012
American Continental Group,Hewlett-Packard,FOURTH QUARTER REPORT,20000.00,01/20/2013,2012
American Continental Group,Hewlett-Packard,FOURTH QUARTER REPORT,30000.00,01/20/2015,2014
American Continental Group,Hewlett-Packard,FIRST QUARTER REPORT,30000.00,04/08/2015,2015
American Continental Group,Hewlett-Packard,FIRST QUARTER REPORT,30000.00,04/09/2014,2014
American Continental Group,Hewlett-Packard,FIRST QUARTER REPORT,20000.00,04/17/2013,2013
American Continental Group,Hewlett-Packard,SECOND QUARTER REPORT,30000.00,07/10/2013,2013
American Continental Group,Hewlett-Packard,SECOND QUARTER REPORT,30000.00,07/15/2015,2015
American Continental Group,Hewlett-Packard,SECOND QUARTER REPORT,30000.00,07/21/2014,2014
American Continental Group,Hewlett-Packard,THIRD QUARTER REPORT,30000.00,10/04/2013,2013
American Continental Group,Hewlett-Packard,THIRD QUARTER REPORT,30000.00,10/20/2014,2014
American Continental Group,Hewlett-Packard,THIRD QUARTER TERMINATION,20000.00,10/20/2015,2015
BERGNER BOCKORNY CASTAGNETTI HAWKINS & BRAIN,HEWLETT-PACKARD CO,YEAR-END REPORT,60000.00,02/14/2000,1999
BERGNER BOCKORNY CASTAGNETTI HAWKINS & BRAIN,HEWLETT-PACKARD CO,YEAR-END REPORT,80000.00,02/14/2001,2000
BERGNER BOCKORNY CASTAGNETTI HAWKINS & BRAIN,HEWLETT-PACKARD CO,YEAR-END REPORT,100000.00,02/14/2003,2002
BERGNER BOCKORNY CASTAGNETTI HAWKINS & BRAIN,HEWLETT-PACKARD CO,REGISTRATION,,02/16/1999,1999
BERGNER BOCKORNY CASTAGNETTI HAWKINS & BRAIN,HEWLETT-PACKARD CO,YEAR-END REPORT,100000.00,02/17/2004,2003
BERGNER BOCKORNY CASTAGNETTI HAWKINS & BRAIN,HEWLETT-PACKARD CO,YEAR-END TERMINATION AMENDMENT (NO ACTIVITY),75000.00,02/25/2005,2004
BERGNER BOCKORNY CASTAGNETTI HAWKINS & BRAIN,HEWLETT-PACKARD CO,MID-YEAR REPORT,100000.00,08/13/2003,2003
BERGNER BOCKORNY CASTAGNETTI HAWKINS & BRAIN,HEWLETT-PACKARD CO,MID-YEAR REPORT,60000.00,08/14/2000,2000
BERGNER BOCKORNY CASTAGNETTI HAWKINS & BRAIN,HEWLETT-PACKARD CO,MID-YEAR REPORT,100000.00,08/14/2002,2002
BERGNER BOCKORNY CASTAGNETTI HAWKINS & BRAIN,HEWLETT-PACKARD CO,YEAR-END REPORT,100000.00,08/14/2002,2001
BERGNER BOCKORNY CASTAGNETTI HAWKINS & BRAIN,HEWLETT-PACKARD CO,MID-YEAR REPORT,40000.00,08/16/1999,1999
BERGNER BOCKORNY CASTAGNETTI HAWKINS & BRAIN,HEWLETT-PACKARD CO,MID-YEAR REPORT,100000.00,08/16/2001,2001
BERGNER BOCKORNY CASTAGNETTI HAWKINS & BRAIN,HEWLETT-PACKARD CO,MID-YEAR TERMINATION,100000.00,08/20/2004,2004
"Bockorny Group, Inc.",HEWLETT-PACKARD CO,YEAR-END TERMINATION (NO ACTIVITY),100000.00,02/10/2005,2004
"Bockorny Group, Inc.",HEWLETT-PACKARD CO,REGISTRATION,,12/08/2004,2004
"BROWNSTEIN HYATT FARBER SCHRECK, LLP",Hewlett Packard Enterprise,FOURTH QUARTER REPORT,20000.00,01/22/2019,2018
"BROWNSTEIN HYATT FARBER SCHRECK, LLP",Hewlett Packard Enterprise,FIRST QUARTER REPORT,20000.00,04/21/2019,2019
"BROWNSTEIN HYATT FARBER SCHRECK, LLP",Hewlett Packard Enterprise,REGISTRATION,,09/06/2018,2018
"BROWNSTEIN HYATT FARBER SCHRECK, LLP",Hewlett Packard Enterprise,THIRD QUARTER REPORT,20000.00,10/22/2018,2018
Cauthen Forbes & Williams,Hewlett Packard,FOURTH QUARTER REPORT,40000.00,01/19/2011,2010
Cauthen Forbes & Williams,Hewlett Packard,FOURTH QUARTER REPORT,40000.00,01/20/2010,2009
Cauthen Forbes & Williams,Hewlett Packard,FOURTH QUARTER TERMINATION,40000.00,01/20/2012,2011
Cauthen Forbes & Williams,Hewlett Packard,FIRST QUARTER REPORT,40000.00,04/19/2010,2010
Cauthen Forbes & Williams,Hewlett Packard,FIRST QUARTER REPORT,40000.00,04/19/2011,2011
Cauthen Forbes & Williams,Hewlett Packard,REGISTRATION,,07/13/2009,2009
Cauthen Forbes & Williams,Hewlett Packard,SECOND QUARTER REPORT,40000.00,07/19/2011,2011
Cauthen Forbes & Williams,Hewlett Packard,SECOND QUARTER REPORT,,07/20/2009,2009
Cauthen Forbes & Williams,Hewlett Packard,SECOND QUARTER REPORT,40000.00,07/20/2010,2010
Cauthen Forbes & Williams,Hewlett Packard,THIRD QUARTER REPORT,40000.00,10/18/2011,2011
Cauthen Forbes & Williams,Hewlett Packard,THIRD QUARTER REPORT,30000.00,10/20/2009,2009
Cauthen Forbes & Williams,Hewlett Packard,THIRD QUARTER REPORT,40000.00,10/20/2010,2010
Daniel Kostenbauder,Hewlett-Packard Company,REGISTRATION,,04/24/2015,2014
Daniel Kostenbauder,Hewlett-Packard Company,FIRST QUARTER AMENDMENT,30000.00,04/27/2015,2015
Daniel Kostenbauder,Hewlett-Packard Company,SECOND QUARTER REPORT,10000.00,07/10/2015,2015
Daniel Kostenbauder,Hewlett-Packard Company,FOURTH QUARTER AMENDMENT,,09/05/2015,2014
Daniel Kostenbauder,Hewlett-Packard Company,THIRD QUARTER TERMINATION,,10/11/2015,2015
Daniel Kostenbauder,Hewlett-Packard Enterprise Company,FOURTH QUARTER TERMINATION,,01/18/2016,2015
Daniel Kostenbauder,Hewlett-Packard Enterprise Company,REGISTRATION,,09/19/2015,2015
Daniel Kostenbauder,Hewlett-Packard Enterprise Company,THIRD QUARTER AMENDMENT,10000.00,10/14/2015,2015
DRINKER BIDDLE & REATH LLP,Hewlett-Packard Company,YEAR-END REPORT,,02/08/2008,2007
DRINKER BIDDLE & REATH LLP,Hewlett-Packard Company,REGISTRATION,,02/12/2007,2007
DRINKER BIDDLE & REATH LLP,Hewlett-Packard Company,FIRST QUARTER (NO ACTIVITY),,04/10/2008,2008
DRINKER BIDDLE & REATH LLP,Hewlett-Packard Company,SECOND QUARTER TERMINATION (NO ACTIVITY),,07/18/2008,2008
DRINKER BIDDLE & REATH LLP,Hewlett-Packard Company,MID-YEAR REPORT,20000.00,08/06/2007,2007
Ernst & Young LLP (Washington Council Ernst & Young),HEWLETT-PACKARD CO,YEAR-END REPORT,80000.00,02/02/2004,2003
Ernst & Young LLP (Washington Council Ernst & Young),HEWLETT-PACKARD CO,YEAR-END REPORT,60000.00,02/14/2002,2001
Ernst & Young LLP (Washington Council Ernst & Young),HEWLETT-PACKARD CO,YEAR-END REPORT,60000.00,02/14/2003,2002
Ernst & Young LLP (Washington Council Ernst & Young),HEWLETT-PACKARD CO,YEAR-END REPORT,40000.00,02/15/2001,2000
Ernst & Young LLP (Washington Council Ernst & Young),HEWLETT-PACKARD CO,MID-YEAR REPORT,80000.00,07/23/2003,2003
Ernst & Young LLP (Washington Council Ernst & Young),HEWLETT-PACKARD CO,MID-YEAR REPORT,60000.00,08/13/2002,2002
Ernst & Young LLP (Washington Council Ernst & Young),HEWLETT-PACKARD CO,MID-YEAR REPORT,20000.00,08/14/2000,2000
Ernst & Young LLP (Washington Council Ernst & Young),HEWLETT-PACKARD CO,REGISTRATION,,08/14/2000,2000
Ernst & Young LLP (Washington Council Ernst & Young),HEWLETT-PACKARD CO,MID-YEAR REPORT,60000.00,08/15/2001,2001
Ernst & Young LLP (Washington Council Ernst & Young),HEWLETT-PACKARD CO,MID-YEAR REPORT,100000.00,08/16/2004,2004
Ernst & Young LLP (Washington Council Ernst & Young),HEWLETT-PACKARD CO,YEAR-END TERMINATION,60000.00,11/16/2004,2004
Hewlett Packard Enterprise Company,HEWLETT PACKARD ENTERPRISE COMPANY & AFFILIATES,FOURTH QUARTER REPORT,1820000.00,01/17/2017,2016
Hewlett Packard Enterprise Company,HEWLETT PACKARD ENTERPRISE COMPANY & AFFILIATES,FOURTH QUARTER REPORT,1070000.00,01/20/2016,2015
Hewlett Packard Enterprise Company,HEWLETT PACKARD ENTERPRISE COMPANY & AFFILIATES,FOURTH QUARTER REPORT,980000.00,01/22/2018,2017
Hewlett Packard Enterprise Company,HEWLETT PACKARD ENTERPRISE COMPANY & AFFILIATES,FOURTH QUARTER REPORT,915000.00,01/22/2019,2018
Hewlett Packard Enterprise Company,HEWLETT PACKARD ENTERPRISE COMPANY & AFFILIATES,FOURTH QUARTER AMENDMENT,1130000.00,02/01/2019,2018
Hewlett Packard Enterprise Company,HEWLETT PACKARD ENTERPRISE COMPANY & AFFILIATES,FIRST QUARTER REPORT,1045000.00,04/20/2016,2016
Hewlett Packard Enterprise Company,HEWLETT PACKARD ENTERPRISE COMPANY & AFFILIATES,FIRST QUARTER REPORT,1400000.00,04/20/2017,2017
Hewlett Packard Enterprise Company,HEWLETT PACKARD ENTERPRISE COMPANY & AFFILIATES,FIRST QUARTER REPORT,990000.00,04/20/2018,2018
Hewlett Packard Enterprise Company,HEWLETT PACKARD ENTERPRISE COMPANY & AFFILIATES,FIRST QUARTER REPORT,880000.00,04/22/2019,2019
Hewlett Packard Enterprise Company,HEWLETT PACKARD ENTERPRISE COMPANY & AFFILIATES,SECOND QUARTER REPORT,1750000.00,07/19/2017,2017
Hewlett Packard Enterprise Company,HEWLETT PACKARD ENTERPRISE COMPANY & AFFILIATES,SECOND QUARTER REPORT,900000.00,07/20/2016,2016
Hewlett Packard Enterprise Company,HEWLETT PACKARD ENTERPRISE COMPANY & AFFILIATES,SECOND QUARTER REPORT,1220000.00,07/20/2018,2018
Hewlett Packard Enterprise Company,HEWLETT PACKARD ENTERPRISE COMPANY & AFFILIATES,REGISTRATION,,09/17/2015,2015
Hewlett Packard Enterprise Company,HEWLETT PACKARD ENTERPRISE COMPANY & AFFILIATES,THIRD QUARTER AMENDMENT,590000.00,10/20/2015,2015
Hewlett Packard Enterprise Company,HEWLETT PACKARD ENTERPRISE COMPANY & AFFILIATES,THIRD QUARTER AMENDMENT,740000.00,10/20/2015,2015
Hewlett Packard Enterprise Company,HEWLETT PACKARD ENTERPRISE COMPANY & AFFILIATES,THIRD QUARTER REPORT,1060000.00,10/20/2016,2016
Hewlett Packard Enterprise Company,HEWLETT PACKARD ENTERPRISE COMPANY & AFFILIATES,THIRD QUARTER REPORT,850000.00,10/20/2017,2017
Hewlett Packard Enterprise Company,HEWLETT PACKARD ENTERPRISE COMPANY & AFFILIATES,THIRD QUARTER REPORT,810000.00,10/22/2018,2018
"Hill & Knowlton Strategies, LLC",HEWLETT PACKARD,YEAR-END (NO ACTIVITY),,02/07/2007,2006
"Hill & Knowlton Strategies, LLC",HEWLETT PACKARD,YEAR-END (NO ACTIVITY),,02/12/2008,2007
"Hill & Knowlton Strategies, LLC",HEWLETT PACKARD,YEAR-END (NO ACTIVITY),,02/14/2006,2005
"Hill & Knowlton Strategies, LLC",HEWLETT PACKARD,REGISTRATION,,02/20/2003,2003
"Hill & Knowlton Strategies, LLC",HEWLETT PACKARD,YEAR-END (NO ACTIVITY),,02/25/2005,2004
"Hill & Knowlton Strategies, LLC",HEWLETT PACKARD,YEAR-END REPORT,,04/13/2004,2003
"Hill & Knowlton Strategies, LLC",HEWLETT PACKARD,FIRST QUARTER (NO ACTIVITY),,04/18/2008,2008
"Hill & Knowlton Strategies, LLC",HEWLETT PACKARD,YEAR-END AMENDMENT (NO ACTIVITY),,04/23/2008,2007
"Hill & Knowlton Strategies, LLC",HEWLETT PACKARD,SECOND QUARTER TERMINATION (NO ACTIVITY),,07/18/2008,2008
"Hill & Knowlton Strategies, LLC",HEWLETT PACKARD,MID-YEAR (NO ACTIVITY),,08/08/2006,2006
"Hill & Knowlton Strategies, LLC",HEWLETT PACKARD,MID-YEAR REPORT,,08/14/2003,2003
"Hill & Knowlton Strategies, LLC",HEWLETT PACKARD,MID-YEAR REPORT,,08/14/2007,2007
"Hill & Knowlton Strategies, LLC",HEWLETT PACKARD,MID-YEAR (NO ACTIVITY),,08/15/2005,2005
"Hill & Knowlton Strategies, LLC",HEWLETT PACKARD,MID-YEAR (NO ACTIVITY),,08/16/2004,2004
"INNOVATIVE FEDERAL STRATEGIES, LLC",HEWLETT PACKARD,THIRD QUARTER TERMINATION,20000.00,01/14/2016,2015
"INNOVATIVE FEDERAL STRATEGIES, LLC",HEWLETT PACKARD,FOURTH QUARTER AMENDMENT,20000.00,01/16/2009,2008
"INNOVATIVE FEDERAL STRATEGIES, LLC",HEWLETT PACKARD,FOURTH QUARTER REPORT,20000.00,01/19/2010,2009
"INNOVATIVE FEDERAL STRATEGIES, LLC",HEWLETT PACKARD,FOURTH QUARTER REPORT,10000.00,01/19/2012,2011
"INNOVATIVE FEDERAL STRATEGIES, LLC",HEWLETT PACKARD,FOURTH QUARTER REPORT,20000.00,01/20/2011,2010
"INNOVATIVE FEDERAL STRATEGIES, LLC",HEWLETT PACKARD,FOURTH QUARTER REPORT,30000.00,01/20/2015,2014
"INNOVATIVE FEDERAL STRATEGIES, LLC",HEWLETT PACKARD,FOURTH QUARTER REPORT,20000.00,01/21/2014,2013
"INNOVATIVE FEDERAL STRATEGIES, LLC",HEWLETT PACKARD,FOURTH QUARTER REPORT,10000.00,01/22/2013,2012
"INNOVATIVE FEDERAL STRATEGIES, LLC",HEWLETT PACKARD,YEAR-END REPORT,40000.00,02/11/2008,2007
"INNOVATIVE FEDERAL STRATEGIES, LLC",HEWLETT PACKARD,YEAR-END REPORT,60000.00,02/14/2007,2006
"INNOVATIVE FEDERAL STRATEGIES, LLC",HEWLETT PACKARD,YEAR-END REPORT,60000.00,02/24/2006,2005
"INNOVATIVE FEDERAL STRATEGIES, LLC",HEWLETT PACKARD,YEAR-END REPORT,80000.00,03/04/2005,2004
"INNOVATIVE FEDERAL STRATEGIES, LLC",HEWLETT PACKARD,FIRST QUARTER REPORT,20000.00,04/17/2009,2009
"INNOVATIVE FEDERAL STRATEGIES, LLC",HEWLETT PACKARD,FIRST QUARTER REPORT,30000.00,04/18/2014,2014
"INNOVATIVE FEDERAL STRATEGIES, LLC",HEWLETT PACKARD,FIRST QUARTER REPORT,20000.00,04/19/2010,2010
"INNOVATIVE FEDERAL STRATEGIES, LLC",HEWLETT PACKARD,FIRST QUARTER REPORT,20000.00,04/20/2011,2011
"INNOVATIVE FEDERAL STRATEGIES, LLC",HEWLETT PACKARD,FIRST QUARTER REPORT,10000.00,04/20/2012,2012
"INNOVATIVE FEDERAL STRATEGIES, LLC",HEWLETT PACKARD,FIRST QUARTER REPORT,30000.00,04/20/2015,2015
"INNOVATIVE FEDERAL STRATEGIES, LLC",HEWLETT PACKARD,FIRST QUARTER REPORT,20000.00,04/21/2008,2008
"INNOVATIVE FEDERAL STRATEGIES, LLC",HEWLETT PACKARD,FIRST QUARTER REPORT,10000.00,04/22/2013,2013
"INNOVATIVE FEDERAL STRATEGIES, LLC",HEWLETT PACKARD,REGISTRATION,,05/14/2004,2004
"INNOVATIVE FEDERAL STRATEGIES, LLC",HEWLETT PACKARD,SECOND QUARTER REPORT,20000.00,07/10/2008,2008
"INNOVATIVE FEDERAL STRATEGIES, LLC",HEWLETT PACKARD,SECOND QUARTER REPORT,20000.00,07/15/2009,2009
"INNOVATIVE FEDERAL STRATEGIES, LLC",HEWLETT PACKARD,SECOND QUARTER REPORT,30000.00,07/18/2014,2014
"INNOVATIVE FEDERAL STRATEGIES, LLC",HEWLETT PACKARD,SECOND QUARTER REPORT,10000.00,07/19/2012,2012
"INNOVATIVE FEDERAL STRATEGIES, LLC",HEWLETT PACKARD,SECOND QUARTER REPORT,10000.00,07/19/2013,2013
"INNOVATIVE FEDERAL STRATEGIES, LLC",HEWLETT PACKARD,SECOND QUARTER REPORT,20000.00,07/20/2010,2010
"INNOVATIVE FEDERAL STRATEGIES, LLC",HEWLETT PACKARD,SECOND QUARTER REPORT,10000.00,07/20/2011,2011
"INNOVATIVE FEDERAL STRATEGIES, LLC",HEWLETT PACKARD,SECOND QUARTER REPORT,30000.00,07/20/2015,2015
"INNOVATIVE FEDERAL STRATEGIES, LLC",HEWLETT PACKARD,MID-YEAR REPORT,60000.00,08/08/2007,2007
"INNOVATIVE FEDERAL STRATEGIES, LLC",HEWLETT PACKARD,MID-YEAR REPORT,60000.00,08/19/2005,2005
"INNOVATIVE FEDERAL STRATEGIES, LLC",HEWLETT PACKARD,MID-YEAR REPORT,20000.00,08/23/2004,2004
"INNOVATIVE FEDERAL STRATEGIES, LLC",HEWLETT PACKARD,MID-YEAR REPORT,60000.00,08/23/2006,2006
"INNOVATIVE FEDERAL STRATEGIES, LLC",HEWLETT PACKARD,THIRD QUARTER REPORT,20000.00,10/16/2008,2008
"INNOVATIVE FEDERAL STRATEGIES, LLC",HEWLETT PACKARD,THIRD QUARTER REPORT,20000.00,10/16/2009,2009
"INNOVATIVE FEDERAL STRATEGIES, LLC",HEWLETT PACKARD,THIRD QUARTER REPORT,10000.00,10/19/2012,2012
"INNOVATIVE FEDERAL STRATEGIES, LLC",HEWLETT PACKARD,THIRD QUARTER AMENDMENT,20000.00,10/20/2008,2008
"INNOVATIVE FEDERAL STRATEGIES, LLC",HEWLETT PACKARD,THIRD QUARTER REPORT,20000.00,10/20/2010,2010
"INNOVATIVE FEDERAL STRATEGIES, LLC",HEWLETT PACKARD,THIRD QUARTER REPORT,10000.00,10/20/2011,2011
"INNOVATIVE FEDERAL STRATEGIES, LLC",HEWLETT PACKARD,THIRD QUARTER REPORT,30000.00,10/20/2014,2014
"INNOVATIVE FEDERAL STRATEGIES, LLC",HEWLETT PACKARD,THIRD QUARTER REPORT,20000.00,10/20/2015,2015
"INNOVATIVE FEDERAL STRATEGIES, LLC",HEWLETT PACKARD,THIRD QUARTER REPORT,20000.00,10/21/2013,2013
"INNOVATIVE FEDERAL STRATEGIES, LLC",Hewlett Packard Enterprise Company,FOURTH QUARTER REPORT,30000.00,01/20/2016,2015
"INNOVATIVE FEDERAL STRATEGIES, LLC",Hewlett Packard Enterprise Company,FOURTH QUARTER REPORT,30000.00,01/22/2018,2017
"INNOVATIVE FEDERAL STRATEGIES, LLC",Hewlett Packard Enterprise Company,FOURTH QUARTER REPORT,30000.00,01/22/2019,2018
"INNOVATIVE FEDERAL STRATEGIES, LLC",Hewlett Packard Enterprise Company,FOURTH QUARTER REPORT,80000.00,01/23/2017,2016
"INNOVATIVE FEDERAL STRATEGIES, LLC",Hewlett Packard Enterprise Company,FIRST QUARTER REPORT,20000.00,04/19/2016,2016
"INNOVATIVE FEDERAL STRATEGIES, LLC",Hewlett Packard Enterprise Company,FIRST QUARTER REPORT,,04/20/2017,2017
"INNOVATIVE FEDERAL STRATEGIES, LLC",Hewlett Packard Enterprise Company,FIRST QUARTER REPORT,30000.00,04/20/2018,2018
"INNOVATIVE FEDERAL STRATEGIES, LLC",Hewlett Packard Enterprise Company,FIRST QUARTER REPORT,30000.00,04/22/2019,2019
"INNOVATIVE FEDERAL STRATEGIES, LLC",Hewlett Packard Enterprise Company,SECOND QUARTER REPORT,20000.00,07/19/2016,2016
"INNOVATIVE FEDERAL STRATEGIES, LLC",Hewlett Packard Enterprise Company,SECOND QUARTER REPORT,,07/20/2017,2017
"INNOVATIVE FEDERAL STRATEGIES, LLC",Hewlett Packard Enterprise Company,SECOND QUARTER REPORT,30000.00,07/20/2018,2018
"INNOVATIVE FEDERAL STRATEGIES, LLC",Hewlett Packard Enterprise Company,REGISTRATION,,09/25/2015,2015
"INNOVATIVE FEDERAL STRATEGIES, LLC",Hewlett Packard Enterprise Company,THIRD QUARTER REPORT,20000.00,10/19/2016,2016
"INNOVATIVE FEDERAL STRATEGIES, LLC",Hewlett Packard Enterprise Company,THIRD QUARTER REPORT,10000.00,10/20/2015,2015
"INNOVATIVE FEDERAL STRATEGIES, LLC",Hewlett Packard Enterprise Company,THIRD QUARTER REPORT,,10/20/2017,2017
"INNOVATIVE FEDERAL STRATEGIES, LLC",Hewlett Packard Enterprise Company,THIRD QUARTER REPORT,10000.00,10/22/2018,2018
KPMG LLP,HEWLETT-PACKARD CO,YEAR-END TERMINATION,,02/14/2006,2005
KPMG LLP,HEWLETT-PACKARD CO,REGISTRATION,,04/14/2005,2005
KPMG LLP,HEWLETT-PACKARD CO,MID-YEAR REPORT,20000.00,08/12/2005,2005
"Manatt, Phelps, and Phillips",HEWLETT-PACKARD,YEAR-END REPORT,20000.00,01/26/2001,2000
"Manatt, Phelps, and Phillips",HEWLETT-PACKARD,YEAR-END REPORT,20000.00,01/28/2002,2001
"Manatt, Phelps, and Phillips",HEWLETT-PACKARD,REGISTRATION,,02/01/2000,2000
"Manatt, Phelps, and Phillips",HEWLETT-PACKARD,YEAR-END REPORT,40000.00,02/02/2004,2003
"Manatt, Phelps, and Phillips",HEWLETT-PACKARD,YEAR-END REPORT,60000.00,02/09/2006,2005
"Manatt, Phelps, and Phillips",HEWLETT-PACKARD,YEAR-END REPORT,,02/13/2003,2002
"Manatt, Phelps, and Phillips",HEWLETT-PACKARD,YEAR-END REPORT,60000.00,02/14/2005,2004
"Manatt, Phelps, and Phillips",HEWLETT-PACKARD,YEAR-END REPORT,,02/15/2007,2006
"Manatt, Phelps, and Phillips",HEWLETT-PACKARD,YEAR-END TERMINATION AMENDMENT,,02/23/2007,2006
"Manatt, Phelps, and Phillips",HEWLETT-PACKARD,MID-YEAR REPORT,20000.00,07/16/2003,2003
"Manatt, Phelps, and Phillips",HEWLETT-PACKARD,MID-YEAR REPORT,,07/17/2002,2002
"Manatt, Phelps, and Phillips",HEWLETT-PACKARD,MID-YEAR REPORT,20000.00,07/18/2001,2001
"Manatt, Phelps, and Phillips",HEWLETT-PACKARD,MID-YEAR REPORT,60000.00,07/26/2004,2004
"Manatt, Phelps, and Phillips",HEWLETT-PACKARD,MID-YEAR REPORT,40000.00,08/03/2006,2006
"Manatt, Phelps, and Phillips",HEWLETT-PACKARD,MID-YEAR REPORT,,08/11/2000,2000
"Manatt, Phelps, and Phillips",HEWLETT-PACKARD,MID-YEAR REPORT,60000.00,08/15/2005,2005
"Manatt, Phelps, and Phillips",HEWLETT-PACKARD,MID-YEAR AMENDMENT,,08/16/2000,2000
McDermott Will & Emery LLP,HEWLETT-PACKARD CO,FOURTH QUARTER REPORT,20000.00,01/16/2009,2008
McDermott Will & Emery LLP,HEWLETT-PACKARD CO,FOURTH QUARTER REPORT,20000.00,01/19/2010,2009
McDermott Will & Emery LLP,HEWLETT-PACKARD CO,YEAR-END REPORT,40000.00,02/13/2008,2007
McDermott Will & Emery LLP,HEWLETT-PACKARD CO,FIRST QUARTER REPORT,20000.00,04/16/2008,2008
McDermott Will & Emery LLP,HEWLETT-PACKARD CO,FIRST QUARTER REPORT,30000.00,04/20/2009,2009
McDermott Will & Emery LLP,HEWLETT-PACKARD CO,FIRST QUARTER REPORT,20000.00,04/20/2010,2010
McDermott Will & Emery LLP,HEWLETT-PACKARD CO,SECOND QUARTER REPORT,30000.00,07/18/2008,2008
McDermott Will & Emery LLP,HEWLETT-PACKARD CO,SECOND QUARTER REPORT,30000.00,07/18/2009,2009
McDermott Will & Emery LLP,HEWLETT-PACKARD CO,SECOND QUARTER REPORT,10000.00,07/18/2010,2010
McDermott Will & Emery LLP,HEWLETT-PACKARD CO,REGISTRATION,,08/03/2007,2007
McDermott Will & Emery LLP,HEWLETT-PACKARD CO,THIRD QUARTER REPORT,30000.00,10/16/2008,2008
McDermott Will & Emery LLP,HEWLETT-PACKARD CO,THIRD QUARTER REPORT,20000.00,10/19/2009,2009
McDermott Will & Emery LLP,HEWLETT-PACKARD CO,THIRD QUARTER TERMINATION,,10/19/2010,2010
McGuireWoods Consulting (A Subsidiary of McGuireWoods LLP),Hewlett Packard Enterprise,FOURTH QUARTER REPORT,80000.00,01/10/2018,2017
McGuireWoods Consulting (A Subsidiary of McGuireWoods LLP),Hewlett Packard Enterprise,FIRST QUARTER REPORT,80000.00,04/18/2018,2018
McGuireWoods Consulting (A Subsidiary of McGuireWoods LLP),Hewlett Packard Enterprise,REGISTRATION,,07/19/2017,2017
McGuireWoods Consulting (A Subsidiary of McGuireWoods LLP),Hewlett Packard Enterprise,SECOND QUARTER TERMINATION,30000.00,07/20/2018,2018
McGuireWoods Consulting (A Subsidiary of McGuireWoods LLP),Hewlett Packard Enterprise,SECOND QUARTER REPORT,50000.00,07/21/2017,2017
McGuireWoods Consulting (A Subsidiary of McGuireWoods LLP),Hewlett Packard Enterprise,THIRD QUARTER REPORT,80000.00,10/12/2017,2017
"MEHLMAN CASTAGNETTI ROSEN & THOMAS, INC.",Hewlett Packard Enterprise Company,FOURTH QUARTER REPORT,70000.00,01/18/2018,2017
"MEHLMAN CASTAGNETTI ROSEN & THOMAS, INC.",Hewlett Packard Enterprise Company,FOURTH QUARTER REPORT,60000.00,01/18/2019,2018
"MEHLMAN CASTAGNETTI ROSEN & THOMAS, INC.",Hewlett Packard Enterprise Company,FOURTH QUARTER REPORT,60000.00,01/19/2017,2016
"MEHLMAN CASTAGNETTI ROSEN & THOMAS, INC.",Hewlett Packard Enterprise Company,FOURTH QUARTER REPORT,20000.00,01/20/2016,2015
"MEHLMAN CASTAGNETTI ROSEN & THOMAS, INC.",Hewlett Packard Enterprise Company,FIRST QUARTER REPORT,60000.00,04/13/2016,2016
"MEHLMAN CASTAGNETTI ROSEN & THOMAS, INC.",Hewlett Packard Enterprise Company,FIRST QUARTER REPORT,60000.00,04/13/2017,2017
"MEHLMAN CASTAGNETTI ROSEN & THOMAS, INC.",Hewlett Packard Enterprise Company,FIRST QUARTER REPORT,60000.00,04/19/2018,2018
"MEHLMAN CASTAGNETTI ROSEN & THOMAS, INC.",Hewlett Packard Enterprise Company,FIRST QUARTER REPORT,60000.00,04/19/2019,2019
"MEHLMAN CASTAGNETTI ROSEN & THOMAS, INC.",Hewlett Packard Enterprise Company,SECOND QUARTER REPORT,70000.00,07/17/2017,2017
"MEHLMAN CASTAGNETTI ROSEN & THOMAS, INC.",Hewlett Packard Enterprise Company,SECOND QUARTER REPORT,60000.00,07/17/2018,2018
"MEHLMAN CASTAGNETTI ROSEN & THOMAS, INC.",Hewlett Packard Enterprise Company,SECOND QUARTER REPORT,60000.00,07/20/2016,2016
"MEHLMAN CASTAGNETTI ROSEN & THOMAS, INC.",Hewlett Packard Enterprise Company,REGISTRATION,,09/18/2015,2015
"MEHLMAN CASTAGNETTI ROSEN & THOMAS, INC.",Hewlett Packard Enterprise Company,THIRD QUARTER REPORT,60000.00,10/18/2018,2018
"MEHLMAN CASTAGNETTI ROSEN & THOMAS, INC.",Hewlett Packard Enterprise Company,THIRD QUARTER REPORT,80000.00,10/19/2017,2017
"MEHLMAN CASTAGNETTI ROSEN & THOMAS, INC.",Hewlett Packard Enterprise Company,THIRD QUARTER REPORT,20000.00,10/20/2015,2015
"MEHLMAN CASTAGNETTI ROSEN & THOMAS, INC.",Hewlett Packard Enterprise Company,THIRD QUARTER REPORT,60000.00,10/20/2016,2016
"MEHLMAN CASTAGNETTI ROSEN & THOMAS, INC.",Hewlett-Packard Company,FOURTH QUARTER REPORT,60000.00,01/09/2015,2014
"MEHLMAN CASTAGNETTI ROSEN & THOMAS, INC.",Hewlett-Packard Company,FOURTH QUARTER REPORT,60000.00,01/13/2012,2011
"MEHLMAN CASTAGNETTI ROSEN & THOMAS, INC.",Hewlett-Packard Company,FOURTH QUARTER REPORT,60000.00,01/14/2010,2009
"MEHLMAN CASTAGNETTI ROSEN & THOMAS, INC.",Hewlett-Packard Company,FOURTH QUARTER REPORT,60000.00,01/15/2013,2012
"MEHLMAN CASTAGNETTI ROSEN & THOMAS, INC.",Hewlett-Packard Company,FOURTH QUARTER REPORT,60000.00,01/15/2014,2013
"MEHLMAN CASTAGNETTI ROSEN & THOMAS, INC.",Hewlett-Packard Company,FOURTH QUARTER REPORT,60000.00,01/19/2011,2010
"MEHLMAN CASTAGNETTI ROSEN & THOMAS, INC.",Hewlett-Packard Company,THIRD QUARTER AMENDMENT,60000.00,01/19/2016,2012
"MEHLMAN CASTAGNETTI ROSEN & THOMAS, INC.",Hewlett-Packard Company,FOURTH QUARTER TERMINATION (NO ACTIVITY),,01/20/2016,2015
"MEHLMAN CASTAGNETTI ROSEN & THOMAS, INC.",Hewlett-Packard Company,FOURTH QUARTER REPORT,60000.00,01/21/2009,2008
"MEHLMAN CASTAGNETTI ROSEN & THOMAS, INC.",Hewlett-Packard Company,REGISTRATION,,02/04/2005,2005
"MEHLMAN CASTAGNETTI ROSEN & THOMAS, INC.",Hewlett-Packard Company,YEAR-END REPORT,150000.00,02/14/2007,2006
"MEHLMAN CASTAGNETTI ROSEN & THOMAS, INC.",Hewlett-Packard Company,YEAR-END REPORT,120000.00,02/14/2008,2007
"MEHLMAN CASTAGNETTI ROSEN & THOMAS, INC.",Hewlett-Packard Company,YEAR-END REPORT,90000.00,02/23/2006,2005
"MEHLMAN CASTAGNETTI ROSEN & THOMAS, INC.",Hewlett-Packard Company,FIRST QUARTER REPORT,60000.00,04/11/2011,2011
"MEHLMAN CASTAGNETTI ROSEN & THOMAS, INC.",Hewlett-Packard Company,FIRST QUARTER REPORT,60000.00,04/11/2014,2014
"MEHLMAN CASTAGNETTI ROSEN & THOMAS, INC.",Hewlett-Packard Company,FIRST QUARTER REPORT,60000.00,04/12/2012,2012
"MEHLMAN CASTAGNETTI ROSEN & THOMAS, INC.",Hewlett-Packard Company,FIRST QUARTER REPORT,60000.00,04/15/2013,2013
"MEHLMAN CASTAGNETTI ROSEN & THOMAS, INC.",Hewlett-Packard Company,FIRST QUARTER REPORT,60000.00,04/17/2015,2015
"MEHLMAN CASTAGNETTI ROSEN & THOMAS, INC.",Hewlett-Packard Company,FIRST QUARTER REPORT,60000.00,04/20/2009,2009
"MEHLMAN CASTAGNETTI ROSEN & THOMAS, INC.",Hewlett-Packard Company,FIRST QUARTER REPORT,60000.00,04/20/2010,2010
"MEHLMAN CASTAGNETTI ROSEN & THOMAS, INC.",Hewlett-Packard Company,FIRST QUARTER REPORT,48000.00,04/21/2008,2008
"MEHLMAN CASTAGNETTI ROSEN & THOMAS, INC.",Hewlett-Packard Company,SECOND QUARTER REPORT,60000.00,07/10/2015,2015
"MEHLMAN CASTAGNETTI ROSEN & THOMAS, INC.",Hewlett-Packard Company,SECOND QUARTER REPORT,60000.00,07/12/2013,2013
"MEHLMAN CASTAGNETTI ROSEN & THOMAS, INC.",Hewlett-Packard Company,SECOND QUARTER REPORT,60000.00,07/13/2011,2011
"MEHLMAN CASTAGNETTI ROSEN & THOMAS, INC.",Hewlett-Packard Company,SECOND QUARTER REPORT,60000.00,07/15/2010,2010
"MEHLMAN CASTAGNETTI ROSEN & THOMAS, INC.",Hewlett-Packard Company,SECOND QUARTER REPORT,60000.00,07/16/2012,2012
"MEHLMAN CASTAGNETTI ROSEN & THOMAS, INC.",Hewlett-Packard Company,SECOND QUARTER REPORT,60000.00,07/16/2014,2014
"MEHLMAN CASTAGNETTI ROSEN & THOMAS, INC.",Hewlett-Packard Company,SECOND QUARTER REPORT,48000.00,07/18/2008,2008
"MEHLMAN CASTAGNETTI ROSEN & THOMAS, INC.",Hewlett-Packard Company,SECOND QUARTER REPORT,60000.00,07/20/2009,2009
"MEHLMAN CASTAGNETTI ROSEN & THOMAS, INC.",Hewlett-Packard Company,MID-YEAR REPORT,135000.00,08/14/2007,2007
"MEHLMAN CASTAGNETTI ROSEN & THOMAS, INC.",Hewlett-Packard Company,MID-YEAR REPORT,75000.00,08/15/2005,2005
"MEHLMAN CASTAGNETTI ROSEN & THOMAS, INC.",Hewlett-Packard Company,MID-YEAR REPORT,90000.00,08/23/2006,2006
"MEHLMAN CASTAGNETTI ROSEN & THOMAS, INC.",Hewlett-Packard Company,THIRD QUARTER REPORT,60000.00,10/08/2014,2014
"MEHLMAN CASTAGNETTI ROSEN & THOMAS, INC.",Hewlett-Packard Company,THIRD QUARTER REPORT,60000.00,10/11/2011,2011
"MEHLMAN CASTAGNETTI ROSEN & THOMAS, INC.",Hewlett-Packard Company,THIRD QUARTER REPORT,60000.00,10/11/2013,2013
"MEHLMAN CASTAGNETTI ROSEN & THOMAS, INC.",Hewlett-Packard Company,THIRD QUARTER REPORT,60000.00,10/15/2012,2012
"MEHLMAN CASTAGNETTI ROSEN & THOMAS, INC.",Hewlett-Packard Company,THIRD QUARTER REPORT,50000.00,10/18/2008,2008
"MEHLMAN CASTAGNETTI ROSEN & THOMAS, INC.",Hewlett-Packard Company,THIRD QUARTER REPORT,60000.00,10/19/2009,2009
"MEHLMAN CASTAGNETTI ROSEN & THOMAS, INC.",Hewlett-Packard Company,THIRD QUARTER REPORT,60000.00,10/20/2010,2010
"MEHLMAN CASTAGNETTI ROSEN & THOMAS, INC.",Hewlett-Packard Company,THIRD QUARTER REPORT,40000.00,10/20/2015,2015
"MILLER & CHEVALIER, CHTD",HEWLETT PACKARD CO,YEAR-END REPORT,,02/11/2000,1999
"MILLER & CHEVALIER, CHTD",HEWLETT PACKARD CO,MID-YEAR (NO ACTIVITY),,08/12/1999,1999
"MILLER & CHEVALIER, CHTD",HEWLETT PACKARD CO,MID-YEAR (NO ACTIVITY),,08/14/2000,2000
"MILLER & CHEVALIER, CHTD",HEWLETT PACKARD CO,MID-YEAR TERMINATION AMENDMENT (NO ACTIVITY),,09/28/2000,2000
Palmetto Group,Hewlett-Packard Company,FOURTH QUARTER REPORT,75000.00,01/07/2013,2012
Palmetto Group,Hewlett-Packard Company,FOURTH QUARTER AMENDMENT,50000.00,01/10/2014,2013
Palmetto Group,Hewlett-Packard Company,FOURTH QUARTER REPORT,50000.00,01/10/2014,2013
Palmetto Group,Hewlett-Packard Company,FOURTH QUARTER REPORT,60000.00,01/10/2014,2013
Palmetto Group,Hewlett-Packard Company,FOURTH QUARTER REPORT,100000.00,01/17/2012,2011
Palmetto Group,Hewlett-Packard Company,FOURTH QUARTER REPORT,50000.00,01/19/2015,2014
Palmetto Group,Hewlett-Packard Company,FOURTH QUARTER REPORT,50000.00,01/20/2010,2009
Palmetto Group,Hewlett-Packard Company,FOURTH QUARTER AMENDMENT,75000.00,02/27/2015,2012
Palmetto Group,Hewlett-Packard Company,FIRST QUARTER REPORT,75000.00,04/07/2011,2011
Palmetto Group,Hewlett-Packard Company,FIRST QUARTER AMENDMENT,100000.00,04/09/2014,2014
Palmetto Group,Hewlett-Packard Company,FIRST QUARTER REPORT,75000.00,04/10/2013,2013
Palmetto Group,Hewlett-Packard Company,FIRST QUARTER REPORT,100000.00,04/13/2012,2012
Palmetto Group,Hewlett-Packard Company,FIRST QUARTER REPORT,100000.00,04/19/2010,2010
Palmetto Group,Hewlett-Packard Company,FIRST QUARTER TERMINATION (NO ACTIVITY),30000.00,04/19/2015,2015
Palmetto Group,Hewlett-Packard Company,REGISTRATION,,06/22/2009,2009
Palmetto Group,Hewlett-Packard Company,SECOND QUARTER REPORT,100000.00,06/28/2013,2013
Palmetto Group,Hewlett-Packard Company,SECOND QUARTER REPORT,75000.00,07/01/2010,2010
Palmetto Group,Hewlett-Packard Company,SECOND QUARTER (NO ACTIVITY),,07/09/2009,2009
Palmetto Group,Hewlett-Packard Company,SECOND QUARTER REPORT,75000.00,07/11/2012,2012
Palmetto Group,Hewlett-Packard Company,SECOND QUARTER REPORT,50000.00,07/12/2011,2011
Palmetto Group,Hewlett-Packard Company,SECOND QUARTER REPORT,75000.00,07/15/2014,2014
Palmetto Group,Hewlett-Packard Company,THIRD QUARTER REPORT,62500.00,10/01/2009,2009
Palmetto Group,Hewlett-Packard Company,THIRD QUARTER REPORT,100000.00,10/02/2012,2012
Palmetto Group,Hewlett-Packard Company,THIRD QUARTER REPORT,75000.00,10/03/2011,2011
Palmetto Group,Hewlett-Packard Company,THIRD QUARTER REPORT,75000.00,10/03/2013,2013
Palmetto Group,Hewlett-Packard Company,THIRD QUARTER REPORT,75000.00,10/06/2010,2010
Palmetto Group,Hewlett-Packard Company,THIRD QUARTER REPORT,75000.00,10/14/2014,2014
Palmetto Group,Hewlett-Packard Company,FOURTH QUARTER REPORT,100000.00,12/17/2010,2010
Perennial Strategy Group,HP (HEWLETT-PACKARD),REGISTRATION AMENDMENT,,01/15/2004,2004
Perennial Strategy Group,HP (HEWLETT-PACKARD),YEAR-END (NO ACTIVITY),,02/13/2006,2005
Perennial Strategy Group,HP (HEWLETT-PACKARD),YEAR-END TERMINATION (NO ACTIVITY),,02/13/2007,2006
Perennial Strategy Group,HP (HEWLETT-PACKARD),YEAR-END REPORT,60000.00,02/25/2005,2004
Perennial Strategy Group,HP (HEWLETT-PACKARD),YEAR-END REPORT,40000.00,03/17/2004,2003
Perennial Strategy Group,HP (HEWLETT-PACKARD),MID-YEAR (NO ACTIVITY),,08/17/2006,2006
Perennial Strategy Group,HP (HEWLETT-PACKARD),MID-YEAR (NO ACTIVITY),,08/22/2005,2005
Perennial Strategy Group,HP (HEWLETT-PACKARD),MID-YEAR REPORT,20000.00,08/24/2004,2004
Perennial Strategy Group,HP (HEWLETT-PACKARD),REGISTRATION,,12/04/2003,2003
QGA Public Affairs (formerly Quinn Gillespie & Associates),HEWLETT PACKARD COMPANY,YEAR-END REPORT,60000.00,02/09/2006,2005
QGA Public Affairs (formerly Quinn Gillespie & Associates),HEWLETT PACKARD COMPANY,YEAR-END REPORT,300000.00,02/11/2005,2004
QGA Public Affairs (formerly Quinn Gillespie & Associates),HEWLETT PACKARD COMPANY,YEAR-END REPORT,300000.00,02/17/2004,2003
QGA Public Affairs (formerly Quinn Gillespie & Associates),HEWLETT PACKARD COMPANY,REGISTRATION,,04/29/2003,2003
QGA Public Affairs (formerly Quinn Gillespie & Associates),HEWLETT PACKARD COMPANY,YEAR-END TERMINATION AMENDMENT,60000.00,06/04/2007,2005
QGA Public Affairs (formerly Quinn Gillespie & Associates),HEWLETT PACKARD COMPANY,YEAR-END TERMINATION AMENDMENT,60000.00,06/11/2007,2005
QGA Public Affairs (formerly Quinn Gillespie & Associates),HEWLETT PACKARD COMPANY,MID-YEAR REPORT,120000.00,08/10/2005,2005
QGA Public Affairs (formerly Quinn Gillespie & Associates),HEWLETT PACKARD COMPANY,MID-YEAR REPORT,300000.00,08/15/2003,2003
QGA Public Affairs (formerly Quinn Gillespie & Associates),HEWLETT PACKARD COMPANY,MID-YEAR REPORT,640000.00,08/16/2004,2004
QGA Public Affairs (formerly Quinn Gillespie & Associates),HEWLETT PACKARD COMPANY,MID-YEAR AMENDMENT,300000.00,09/14/2004,2004
QGA Public Affairs (formerly Quinn Gillespie & Associates),HEWLETT PACKARD COMPANY,YEAR-END AMENDMENT,,09/19/2006,2005
Rock Creek Counsel,HEWLETT PACKARD ENTERPRISE COMPANY,FOURTH QUARTER REPORT,40000.00,01/17/2019,2018
Rock Creek Counsel,HEWLETT PACKARD ENTERPRISE COMPANY,FOURTH QUARTER REPORT,50000.00,01/18/2017,2016
Rock Creek Counsel,HEWLETT PACKARD ENTERPRISE COMPANY,FOURTH QUARTER REPORT,50000.00,01/19/2016,2015
Rock Creek Counsel,HEWLETT PACKARD ENTERPRISE COMPANY,THIRD QUARTER AMENDMENT,30000.00,01/19/2016,2015
Rock Creek Counsel,HEWLETT PACKARD ENTERPRISE COMPANY,FOURTH QUARTER REPORT,40000.00,01/22/2018,2017
Rock Creek Counsel,HEWLETT PACKARD ENTERPRISE COMPANY,FIRST QUARTER REPORT,40000.00,04/17/2019,2019
Rock Creek Counsel,HEWLETT PACKARD ENTERPRISE COMPANY,FIRST QUARTER REPORT,40000.00,04/19/2018,2018
Rock Creek Counsel,HEWLETT PACKARD ENTERPRISE COMPANY,FIRST QUARTER REPORT,50000.00,04/20/2016,2016
Rock Creek Counsel,HEWLETT PACKARD ENTERPRISE COMPANY,FIRST QUARTER REPORT,50000.00,04/20/2016,2016
Rock Creek Counsel,HEWLETT PACKARD ENTERPRISE COMPANY,SECOND QUARTER TERMINATION (NO ACTIVITY),,07/12/2016,2016
Rock Creek Counsel,HEWLETT PACKARD ENTERPRISE COMPANY,SECOND QUARTER REPORT,50000.00,07/13/2016,2016
Rock Creek Counsel,HEWLETT PACKARD ENTERPRISE COMPANY,FIRST QUARTER REPORT,40000.00,07/18/2017,2017
Rock Creek Counsel,HEWLETT PACKARD ENTERPRISE COMPANY,SECOND QUARTER REPORT,40000.00,07/18/2017,2017
Rock Creek Counsel,HEWLETT PACKARD ENTERPRISE COMPANY,SECOND QUARTER REPORT,40000.00,07/20/2018,2018
Rock Creek Counsel,HEWLETT PACKARD ENTERPRISE COMPANY,REGISTRATION,,09/18/2015,2015
Rock Creek Counsel,HEWLETT PACKARD ENTERPRISE COMPANY,THIRD QUARTER REPORT,40000.00,10/12/2018,2018
Rock Creek Counsel,HEWLETT PACKARD ENTERPRISE COMPANY,THIRD QUARTER REPORT,50000.00,10/19/2016,2016
Rock Creek Counsel,HEWLETT PACKARD ENTERPRISE COMPANY,THIRD QUARTER REPORT,40000.00,10/19/2017,2017
Rock Creek Counsel,Hewlett-Packard Company (HP),REGISTRATION,,03/16/2015,2015
Rock Creek Counsel,Hewlett-Packard Company (HP),FIRST QUARTER REPORT,50000.00,04/20/2015,2015
Rock Creek Counsel,Hewlett-Packard Company (HP),SECOND QUARTER REPORT,50000.00,07/16/2015,2015
Rock Creek Counsel,Hewlett-Packard Company (HP),THIRD QUARTER TERMINATION (NO ACTIVITY),,10/20/2015,2015
Sternhell Group,Hewlett-Packard Company (HP),FOURTH QUARTER REPORT,40000.00,01/14/2014,2013
Sternhell Group,Hewlett-Packard Company (HP),FOURTH QUARTER REPORT,40000.00,01/18/2013,2012
Sternhell Group,Hewlett-Packard Company (HP),FOURTH QUARTER REPORT,40000.00,01/20/2011,2010
Sternhell Group,Hewlett-Packard Company (HP),FOURTH QUARTER REPORT,40000.00,01/20/2012,2011
Sternhell Group,Hewlett-Packard Company (HP),FOURTH QUARTER REPORT,40000.00,01/20/2015,2014
Sternhell Group,Hewlett-Packard Company (HP),FOURTH QUARTER REPORT,40000.00,01/20/2016,2015
Sternhell Group,Hewlett-Packard Company (HP),FIRST QUARTER REPORT,40000.00,04/17/2015,2015
Sternhell Group,Hewlett-Packard Company (HP),FIRST QUARTER REPORT,40000.00,04/19/2011,2011
Sternhell Group,Hewlett-Packard Company (HP),FIRST QUARTER REPORT,40000.00,04/19/2012,2012
Sternhell Group,Hewlett-Packard Company (HP),FIRST QUARTER REPORT,40000.00,04/19/2013,2013
Sternhell Group,Hewlett-Packard Company (HP),FIRST QUARTER TERMINATION (NO ACTIVITY),,04/20/2016,2016
Sternhell Group,Hewlett-Packard Company (HP),FIRST QUARTER REPORT,40000.00,04/21/2014,2014
Sternhell Group,Hewlett-Packard Company (HP),SECOND QUARTER REPORT,40000.00,07/18/2013,2013
Sternhell Group,Hewlett-Packard Company (HP),REGISTRATION,,07/19/2010,2010
Sternhell Group,Hewlett-Packard Company (HP),SECOND QUARTER REPORT,30000.00,07/20/2010,2010
Sternhell Group,Hewlett-Packard Company (HP),SECOND QUARTER REPORT,40000.00,07/20/2011,2011
Sternhell Group,Hewlett-Packard Company (HP),SECOND QUARTER REPORT,40000.00,07/20/2012,2012
Sternhell Group,Hewlett-Packard Company (HP),SECOND QUARTER REPORT,40000.00,07/20/2015,2015
Sternhell Group,Hewlett-Packard Company (HP),SECOND QUARTER REPORT,30000.00,07/21/2010,2010
Sternhell Group,Hewlett-Packard Company (HP),SECOND QUARTER REPORT,40000.00,07/21/2014,2014
Sternhell Group,Hewlett-Packard Company (HP),THIRD QUARTER REPORT,40000.00,10/18/2013,2013
Sternhell Group,Hewlett-Packard Company (HP),THIRD QUARTER REPORT,40000.00,10/19/2012,2012
Sternhell Group,Hewlett-Packard Company (HP),THIRD QUARTER REPORT,40000.00,10/20/2010,2010
Sternhell Group,Hewlett-Packard Company (HP),THIRD QUARTER REPORT,40000.00,10/20/2011,2011
Sternhell Group,Hewlett-Packard Company (HP),THIRD QUARTER REPORT,40000.00,10/20/2014,2014
Sternhell Group,Hewlett-Packard Company (HP),THIRD QUARTER REPORT,40000.00,10/20/2015,2015
"THE HOBBS GROUP, LLC",HEWLETT-PACKARD COMPANY,YEAR-END REPORT,80000.00,02/13/2007,2006
"THE HOBBS GROUP, LLC",HEWLETT-PACKARD COMPANY,MID-YEAR REPORT,120000.00,08/14/2007,2007
"THE HOBBS GROUP, LLC",HEWLETT-PACKARD COMPANY,REGISTRATION,,10/02/2006,2006
"THE HOBBS GROUP, LLC",HEWLETT-PACKARD COMPANY,MID-YEAR TERMINATION,60000.00,10/16/2007,2007
"THE HOBBS GROUP, LLC",HEWLETT-PACKARD COMPANY,YEAR-END TERMINATION,60000.00,12/05/2007,2007
The Washington Tax & Public Policy Group (formerly The Washington Tax Group),Hewlett Packard Enterprise Company,FOURTH QUARTER REPORT,20000.00,01/18/2017,2016
The Washington Tax & Public Policy Group (formerly The Washington Tax Group),Hewlett Packard Enterprise Company,FOURTH QUARTER REPORT,40000.00,01/19/2016,2015
The Washington Tax & Public Policy Group (formerly The Washington Tax Group),Hewlett Packard Enterprise Company,FOURTH QUARTER REPORT,30000.00,01/21/2019,2018
The Washington Tax & Public Policy Group (formerly The Washington Tax Group),Hewlett Packard Enterprise Company,FOURTH QUARTER REPORT,30000.00,01/22/2018,2017
The Washington Tax & Public Policy Group (formerly The Washington Tax Group),Hewlett Packard Enterprise Company,FIRST QUARTER REPORT,20000.00,04/13/2017,2017
The Washington Tax & Public Policy Group (formerly The Washington Tax Group),Hewlett Packard Enterprise Company,FIRST QUARTER AMENDMENT,30000.00,04/14/2017,2017
The Washington Tax & Public Policy Group (formerly The Washington Tax Group),Hewlett Packard Enterprise Company,FOURTH QUARTER AMENDMENT,30000.00,04/14/2017,2016
The Washington Tax & Public Policy Group (formerly The Washington Tax Group),Hewlett Packard Enterprise Company,FIRST QUARTER REPORT,30000.00,04/15/2019,2019
The Washington Tax & Public Policy Group (formerly The Washington Tax Group),Hewlett Packard Enterprise Company,FIRST QUARTER REPORT,40000.00,04/19/2016,2016
The Washington Tax & Public Policy Group (formerly The Washington Tax Group),Hewlett Packard Enterprise Company,FIRST QUARTER REPORT,30000.00,04/19/2018,2018
The Washington Tax & Public Policy Group (formerly The Washington Tax Group),Hewlett Packard Enterprise Company,SECOND QUARTER REPORT,40000.00,07/06/2016,2016
The Washington Tax & Public Policy Group (formerly The Washington Tax Group),Hewlett Packard Enterprise Company,SECOND QUARTER REPORT,20000.00,07/18/2017,2017
The Washington Tax & Public Policy Group (formerly The Washington Tax Group),Hewlett Packard Enterprise Company,SECOND QUARTER REPORT,30000.00,07/19/2018,2018
The Washington Tax & Public Policy Group (formerly The Washington Tax Group),Hewlett Packard Enterprise Company,SECOND QUARTER AMENDMENT,30000.00,07/21/2017,2017
The Washington Tax & Public Policy Group (formerly The Washington Tax Group),Hewlett Packard Enterprise Company,REGISTRATION,,09/22/2015,2015
The Washington Tax & Public Policy Group (formerly The Washington Tax Group),Hewlett Packard Enterprise Company,THIRD QUARTER REPORT,30000.00,10/17/2017,2017
The Washington Tax & Public Policy Group (formerly The Washington Tax Group),Hewlett Packard Enterprise Company,THIRD QUARTER AMENDMENT,70000.00,10/18/2016,2016
The Washington Tax & Public Policy Group (formerly The Washington Tax Group),Hewlett Packard Enterprise Company,THIRD QUARTER REPORT,40000.00,10/18/2016,2016
The Washington Tax & Public Policy Group (formerly The Washington Tax Group),Hewlett Packard Enterprise Company,THIRD QUARTER REPORT,30000.00,10/18/2018,2018
The Washington Tax & Public Policy Group (formerly The Washington Tax Group),Hewlett Packard Enterprise Company,THIRD QUARTER REPORT,10000.00,10/20/2015,2015
The Washington Tax & Public Policy Group (formerly The Washington Tax Group),Hewlett-Packard,FOURTH QUARTER REPORT,70000.00,01/17/2014,2013
The Washington Tax & Public Policy Group (formerly The Washington Tax Group),Hewlett-Packard,REGISTRATION,,01/18/2013,2012
The Washington Tax & Public Policy Group (formerly The Washington Tax Group),Hewlett-Packard,FOURTH QUARTER REPORT,50000.00,01/19/2016,2015
The Washington Tax & Public Policy Group (formerly The Washington Tax Group),Hewlett-Packard,FOURTH QUARTER REPORT,20000.00,01/20/2015,2014
The Washington Tax & Public Policy Group (formerly The Washington Tax Group),Hewlett-Packard,FOURTH QUARTER REPORT,90000.00,01/22/2013,2012
The Washington Tax & Public Policy Group (formerly The Washington Tax Group),Hewlett-Packard,REGISTRATION AMENDMENT,,01/22/2013,2012
The Washington Tax & Public Policy Group (formerly The Washington Tax Group),Hewlett-Packard,YEAR-END REPORT,20000.00,03/01/2006,2005
The Washington Tax & Public Policy Group (formerly The Washington Tax Group),Hewlett-Packard,FIRST QUARTER REPORT,,04/11/2014,2014
The Washington Tax & Public Policy Group (formerly The Washington Tax Group),Hewlett-Packard,FIRST QUARTER REPORT,,04/19/2013,2013
The Washington Tax & Public Policy Group (formerly The Washington Tax Group),Hewlett-Packard,FIRST QUARTER TERMINATION (NO ACTIVITY),,04/19/2016,2016
The Washington Tax & Public Policy Group (formerly The Washington Tax Group),Hewlett-Packard,FIRST QUARTER REPORT,,04/20/2015,2015
The Washington Tax & Public Policy Group (formerly The Washington Tax Group),Hewlett-Packard,SECOND QUARTER REPORT,,07/15/2014,2014
The Washington Tax & Public Policy Group (formerly The Washington Tax Group),Hewlett-Packard,SECOND QUARTER REPORT,,07/19/2013,2013
The Washington Tax & Public Policy Group (formerly The Washington Tax Group),Hewlett-Packard,SECOND QUARTER REPORT,40000.00,07/20/2015,2015
The Washington Tax & Public Policy Group (formerly The Washington Tax Group),Hewlett-Packard,MID-YEAR TERMINATION,,08/24/2006,2006
The Washington Tax & Public Policy Group (formerly The Washington Tax Group),Hewlett-Packard,THIRD QUARTER REPORT,80000.00,10/08/2014,2014
The Washington Tax & Public Policy Group (formerly The Washington Tax Group),Hewlett-Packard,THIRD QUARTER REPORT,80000.00,10/20/2015,2015
The Washington Tax & Public Policy Group (formerly The Washington Tax Group),Hewlett-Packard,THIRD QUARTER REPORT,,10/21/2013,2013
The Washington Tax & Public Policy Group (formerly The Washington Tax Group),Hewlett-Packard,REGISTRATION,,11/09/2005,2005
WASHINGTON COUNSEL,HEWLETT PACKARD CO,YEAR-END REPORT,60000.00,02/14/2000,1999
WASHINGTON COUNSEL,HEWLETT PACKARD CO,MID-YEAR TERMINATION,40000.00,08/10/2000,2000
WASHINGTON COUNSEL,HEWLETT PACKARD CO,MID-YEAR REPORT,60000.00,08/18/1999,1999
