Recipient,Office,Contributions(Total),Cycle
"Boxer, Barbara (D-CA)",Senate,"$8,500",1998
"Kehoe, Christine (D-CA)",House,"$8,250",1998
"Filner, Bob (D-CA)",House,"$2,500",1998
"Hollings, Fritz (D-SC)",Senate,"$2,500",1998
"Bilbray, Brian P (R-CA)",House,"$2,250",1998
"Daschle, Tom (D-SD)",Senate,"$2,000",1998
"Wyden, Ron (D-OR)",Senate,"$2,000",1998
"Dodd, Chris (D-CT)",Senate,"$1,500",1998
"Hoffman, Randy D (R-CA)",House,"$1,500",1998
"Cunningham, Randy (Duke) (R-CA)",House,"$1,000",1998
"Dingell, John D (D-MI)",House,"$1,000",1998
"Feinstein, Dianne (D-CA)",Senate,"$1,000",1998
"Fong, Matt (R-CA)",Senate,"$1,000",1998
"McCain, John (R-AZ)",Senate,"$1,000",1998
"Tauzin, Billy (R-LA)",House,"$1,000",1998
"Brown, George E Jr (D-CA)",House,$750,1998
"Burns, Conrad (R-MT)",Senate,$500,1998
"Crane, Phil (R-IL)",House,$500,1998
"Issa, Darrell (R-CA)",Senate,$500,1998
"Lincoln, Blanche (D-AR)",Senate,$500,1998
"Matsui, Robert T (D-CA)",House,$500,1998
"Morella, Connie (R-MD)",House,$500,1998
"Rogan, James E (R-CA)",House,$500,1998
"Specter, Arlen (R-PA)",Senate,$500,1998
"Baldwin, Tammy (D-WI)",House,$250,1998
"Gore, Al (D)",Pres,"$23,750",2000
"Feinstein, Dianne (D-CA)",Senate,"$16,000",2000
"McCain, John (R-AZ)",Senate,"$14,590",2000
"Clinton, Hillary (D-NY)",Senate,"$8,500",2000
"Davis, Susan A (D-CA)",House,"$8,500",2000
"Burns, Conrad (R-MT)",Senate,"$7,000",2000
"Lieberman, Joe (D-CT)",Senate,"$7,000",2000
"Bilbray, Brian P (R-CA)",House,"$6,500",2000
"Barkacs, Craig Brian (D-CA)",House,"$4,000",2000
"Abraham, Spencer (R-MI)",Senate,"$3,500",2000
"Kerrey, Bob (D-NE)",Senate,"$3,250",2000
"Tauzin, Billy (R-LA)",House,"$3,250",2000
"Cunningham, Randy (Duke) (R-CA)",House,"$3,000",2000
"Morella, Connie (R-MD)",House,"$3,000",2000
"Northup, Anne M (R-KY)",House,"$3,000",2000
"Becerra, Xavier (D-CA)",House,"$2,500",2000
"Rogan, James E (R-CA)",House,"$2,500",2000
"Cunneen, James F (R-CA)",House,"$2,250",2000
"Berman, Howard L (D-CA)",House,"$2,000",2000
"Bingaman, Jeff (D-NM)",Senate,"$2,000",2000
"Boucher, Rick (D-VA)",House,"$2,000",2000
"Browne, Harry (L)",Pres,"$2,000",2000
"Bush, George W (R)",Pres,"$2,000",2000
"Dooley, Cal (D-CA)",House,"$2,000",2000
"Hollings, Fritz (D-SC)",Senate,"$2,000",2000
"Keller, Ric (R-FL)",House,"$2,000",2000
"Schiff, Adam (D-CA)",House,"$2,000",2000
"Stupak, Bart (D-MI)",House,"$2,000",2000
"Eshoo, Anna (D-CA)",House,"$1,750",2000
"Ashcroft, John (R-MO)",Senate,"$1,500",2000
"Blunt, Roy (R-MO)",House,"$1,500",2000
"Kirk, Mark (R-IL)",House,"$1,500",2000
"Kuykendall, Steven T (R-CA)",House,"$1,500",2000
"Hastert, Dennis (R-IL)",House,"$1,250",2000
"Bonior, David E (D-MI)",House,"$1,000",2000
"Bradley, Bill (D)",Pres,"$1,000",2000
"Campbell, Tom (R-CA)",House,"$1,000",2000
"Capito, Shelley Moore (R-WV)",House,"$1,000",2000
"Davis, Tom (R-VA)",House,"$1,000",2000
"Dingell, John D (D-MI)",House,"$1,000",2000
"Ensign, John (R-NV)",Senate,"$1,000",2000
"Forbes, Steve (R)",Pres,"$1,000",2000
"Fossella, Vito (R-NY)",House,"$1,000",2000
"Frist, Bill (R-TN)",Senate,"$1,000",2000
"Frost, Martin (D-TX)",House,"$1,000",2000
"Harman, Jane (D-CA)",House,"$1,000",2000
"Holt, Rush (D-NJ)",House,"$1,000",2000
"Inslee, Jay R (D-WA)",House,"$1,000",2000
"Keyes, Alan (R)",Pres,"$1,000",2000
"Kolbe, Jim (R-AZ)",House,"$1,000",2000
"Koster, John (R-WA)",House,"$1,000",2000
"Lantos, Tom (D-CA)",House,"$1,000",2000
"Maloney, Jim (D-CT)",House,"$1,000",2000
"Matsui, Robert T (D-CA)",House,"$1,000",2000
"Menendez, Robert (D-NJ)",House,"$1,000",2000
"Nader, Ralph (3)",Pres,"$1,000",2000
"Putnam, Adam H (R-FL)",House,"$1,000",2000
"Royce, Ed (R-CA)",House,"$1,000",2000
"Ryun, Jim (R-KS)",House,"$1,000",2000
"Santorum, Rick (R-PA)",Senate,"$1,000",2000
"Sawyer, Tom (D-OH)",House,"$1,000",2000
"Saxton, Jim (R-NJ)",House,"$1,000",2000
"Shaw, E Clay Jr (R-FL)",House,"$1,000",2000
"Sherwood, Don (R-PA)",House,"$1,000",2000
"Shimkus, John M (R-IL)",House,"$1,000",2000
"Shows, Ronnie (D-MS)",House,"$1,000",2000
"Stenberg, Don (R-NE)",Senate,"$1,000",2000
"Walden, Greg (R-OR)",House,"$1,000",2000
"Waxman, Henry (D-CA)",House,"$1,000",2000
"Whitfield, Ed (R-KY)",House,"$1,000",2000
"Oxley, Michael G (R-OH)",House,$800,2000
"Hunter, Duncan (R-CA)",House,$725,2000
"Barton, Joe (R-TX)",House,$500,2000
"Burr, Richard (R-NC)",House,$500,2000
"Filner, Bob (D-CA)",House,$500,2000
"Gejdenson, Sam (D-CT)",House,$500,2000
"Howell, Carla (L-MA)",Senate,$500,2000
"Issa, Darrell (R-CA)",House,$500,2000
"Lincoln, Blanche (D-AR)",Senate,$500,2000
"McCarthy, Karen (D-MO)",House,$500,2000
"Bauer, Gary (R)",Pres,$300,2000
"Brown, Marta Macias (D-CA)",House,$250,2000
"Pickering, Charles (Chip) Jr (R-MS)",House,$250,2000
"Buchanan, Pat (3)",Pres,$200,2000
"Sherman, Brad (D-CA)",House,$200,2000
"Davis, Susan A (D-Calif)",House,"$27,000",2002
"Daschle, Tom (D-SD)",Senate,"$13,000",2002
"Kerry, John (D-Mass)",Senate,"$10,500",2002
"Blunt, Roy (R-Mo)",House,"$8,500",2002
"Cunningham, Randy (Duke) (R-Calif)",House,"$8,000",2002
"Dingell, John D (D-Mich)",House,"$6,000",2002
"Issa, Darrell (R-Calif)",House,"$5,500",2002
"Carnahan, Jean (D-Mo)",Senate,"$5,000",2002
"Boxer, Barbara (D-Calif)",Senate,"$4,000",2002
"Eshoo, Anna (D-Calif)",House,"$4,000",2002
"Taylor, Michael A (R-Mont)",Senate,"$4,000",2002
"Weller, Jerry (R-Ill)",House,"$4,000",2002
"Wilson, Heather A (R-NM)",House,"$4,000",2002
"Burns, Conrad (R-Mont)",Senate,"$3,500",2002
"Rogers, Mike (R-Mich)",House,"$3,500",2002
"Smith, Gordon H (R-Ore)",Senate,"$3,500",2002
"Harman, Jane (D-Calif)",House,"$3,000",2002
"Honda, Mike (D-Calif)",House,"$3,000",2002
"Markey, Ed (D-Mass)",House,"$3,000",2002
"Pickering, Charles (Chip) Jr (R-Miss)",House,"$3,000",2002
"Gekas, George W (R-Pa)",House,"$2,500",2002
"Grassley, Chuck (R-Iowa)",Senate,"$2,500",2002
"Waxman, Henry (D-Calif)",House,"$2,500",2002
"Petri, Tom (R-Wis)",House,"$2,250",2002
"Berman, Howard L (D-Calif)",House,"$2,000",2002
"Boucher, Rick (D-Va)",House,"$2,000",2002
"Dooley, Cal (D-Calif)",House,"$2,000",2002
"Dorgan, Byron L (D-ND)",Senate,"$2,000",2002
"Gephardt, Richard A (D-Mo)",House,"$2,000",2002
"Luther, Bill (D-Minn)",House,"$2,000",2002
"Tauscher, Ellen (D-Calif)",House,"$2,000",2002
"Tauzin, Billy (R-La)",House,"$2,000",2002
"Thune, John (R-SD)",House,"$2,000",2002
"Young, Don (R-Alaska)",House,"$2,000",2002
"Biden, Joseph R Jr (D-Del)",Senate,"$1,500",2002
"Cunningham, Robert L (R-Va)",House,"$1,500",2002
"Delay, Gunner (R-Ark)",House,"$1,500",2002
"Sessions, Jeff (R-Ala)",Senate,"$1,500",2002
"Sherman, Brad (D-Calif)",House,"$1,500",2002
"Shimkus, John M (R-Ill)",House,"$1,500",2002
"Baucus, Max (D-Mont)",Senate,"$1,000",2002
"Becerra, Xavier (D-Calif)",House,"$1,000",2002
"Boehlert, Sherwood (R-NY)",House,"$1,000",2002
"Bonilla, Henry (R-Texas)",House,"$1,000",2002
"Brownback, Sam (R-Kan)",Senate,"$1,000",2002
"Cox, Christopher (R-Calif)",House,"$1,000",2002
"Deutsch, Peter (D-Fla)",House,"$1,000",2002
"Foley, Mark (R-Fla)",House,"$1,000",2002
"Forbes, Randy (R-Va)",House,"$1,000",2002
"Gilman, Benjamin A (R-NY)",House,"$1,000",2002
"Graham, Lindsey (R-SC)",House,"$1,000",2002
"Hagel, Chuck (R-Neb)",Senate,"$1,000",2002
"Hollings, Fritz (D-SC)",Senate,"$1,000",2002
"Hunter, Duncan (R-Calif)",House,"$1,000",2002
"Hyde, Henry J (R-Ill)",House,"$1,000",2002
"Inhofe, James M (R-Okla)",Senate,"$1,000",2002
"Johnson, Nancy L (R-Conn)",House,"$1,000",2002
"Johnson, Tim (D-SD)",Senate,"$1,000",2002
"Kane, Timothy Joseph (R-Calif)",House,"$1,000",2002
"Kennedy, Patrick J (D-RI)",House,"$1,000",2002
"Landrieu, Mary L (D-La)",Senate,"$1,000",2002
"Latham, Tom (R-Iowa)",House,"$1,000",2002
"Levin, Carl (D-Mich)",Senate,"$1,000",2002
"Lieberman, Joe (D-Conn)",Senate,"$1,000",2002
"Lincoln, Blanche (D-Ark)",Senate,"$1,000",2002
"Lynch, Stephen F (D-Mass)",House,"$1,000",2002
"Matheson, Jim (D-Utah)",House,"$1,000",2002
"McCarthy, Karen (D-Mo)",House,"$1,000",2002
"Mica, John L (R-Fla)",House,"$1,000",2002
"Morella, Connie (R-Md)",House,"$1,000",2002
"Murray, Patty (D-Wash)",Senate,"$1,000",2002
"Northup, Anne M (R-Ky)",House,"$1,000",2002
"Otondo, Lisa Anne (D-Ariz)",House,"$1,000",2002
"Quinn, Jack (R-NY)",House,"$1,000",2002
"Rogers, Hal (R-Ky)",House,"$1,000",2002
"Shadegg, John (R-Ariz)",House,"$1,000",2002
"Strickland, Tom (D-Colo)",Senate,"$1,000",2002
"Torricelli, Robert G (D-NJ)",Senate,"$1,000",2002
"Udall, Mark (D-Colo)",House,"$1,000",2002
"Young, C W Bill (R-Fla)",House,"$1,000",2002
"Boswell, Leonard (D-Iowa)",House,$500,2002
"Etheridge, Bob (D-NC)",House,$500,2002
"Fossella, Vito (R-NY)",House,$500,2002
"Graham, Jeffrey E (I-NY)",Senate,$500,2002
"Hutchinson, Ann (D-Iowa)",House,$500,2002
"Kirk, Ron (D-Texas)",Senate,$500,2002
"Majette, Denise L (D-Ga)",House,$500,2002
"Maloney, Jim (D-Conn)",House,$500,2002
"Moore, Dennis (D-Kan)",House,$500,2002
"O'Brien, Edward J (D-Pa)",House,$500,2002
"Pomeroy, Earl (D-ND)",House,$500,2002
"Smith, John Arthur (D-NM)",House,$500,2002
"Turnham, Joe (D-Ala)",House,$500,2002
"Whitfield, Ed (R-Ky)",House,$500,2002
"Wofford, Dan (D-Pa)",House,$500,2002
"Bryant, Ed (R-Tenn)",House,$483,2002
"Dunn, Donald (D-Utah)",House,$250,2002
"Shaheen, Jeanne (D-NH)",Senate,$250,2002
"Van De Weghe, Bill (R-Calif)",House,$250,2002
"Bartlett, Roscoe G (R-Md)",House,$100,2002
"Cantwell, Maria (D-Wash)",Senate,"$-1,000",2002
"Davis, Tom (R-Va)",House,"$-1,000",2002
"Bush, George W (R)",Pres,"$32,400",2004
"Markey, Ed (D-MA)",House,"$24,204",2004
"Kerry, John (D-MA)",Senate,"$23,800",2004
"Boxer, Barbara (D-CA)",Senate,"$17,000",2004
"Feinstein, Dianne (D-CA)",Senate,"$14,747",2004
"Reid, Harry (D-NV)",Senate,"$14,000",2004
"Hatch, Orrin G (R-UT)",Senate,"$13,500",2004
"Lewis, Jerry (R-CA)",House,"$11,000",2004
"Wyden, Ron (D-OR)",Senate,"$11,000",2004
"Cunningham, Randy (Duke) (R-CA)",House,"$10,500",2004
"Burns, Conrad (R-MT)",Senate,"$7,862",2004
"Gregg, Judd (R-NH)",Senate,"$7,000",2004
"Oxley, Michael G (R-OH)",House,"$6,500",2004
"Reynolds, Tom (R-NY)",House,"$5,112",2004
"Clinton, Hillary (D-NY)",Senate,"$5,000",2004
"DeLay, Tom (R-TX)",House,"$5,000",2004
"Hunter, Duncan (R-CA)",House,"$5,000",2004
"Issa, Darrell (R-CA)",House,"$5,000",2004
"Mikulski, Barbara A (D-MD)",Senate,"$5,000",2004
"Murkowski, Lisa (R-AK)",Senate,"$5,000",2004
"Murtha, John P (D-PA)",House,"$4,500",2004
"Udall, Mark (D-CO)",House,"$4,500",2004
"Eshoo, Anna (D-CA)",House,"$4,000",2004
"Weller, Jerry (R-IL)",House,"$3,612",2004
"Cochran, Thad (R-MS)",Senate,"$3,500",2004
"Davis, Susan A (D-CA)",House,"$3,500",2004
"Lieberman, Joe (D-CT)",Senate,"$3,500",2004
"Petri, Tom (R-WI)",House,"$3,000",2004
"Santorum, Rick (R-PA)",Senate,"$3,000",2004
"Dean, Howard (D)",Pres,"$2,750",2004
"Smith, Gordon H (R-OR)",Senate,"$2,500",2004
"Baker, Richard (R-LA)",House,"$2,000",2004
"Barton, Joe (R-TX)",House,"$2,000",2004
"Bowles, Erskine B (D-NC)",Senate,"$2,000",2004
"Crane, Phil (R-IL)",House,"$2,000",2004
"Inouye, Daniel K (D-HI)",Senate,"$2,000",2004
"Dodd, Chris (D-CT)",Senate,"$1,500",2004
"Ensign, John (R-NV)",Senate,"$1,500",2004
"Hastert, Dennis (R-IL)",House,"$1,500",2004
"Stabenow, Debbie (D-MI)",Senate,"$1,500",2004
"Tauzin, Billy (R-LA)",House,"$1,500",2004
"Allen, George (R-VA)",Senate,"$1,000",2004
"Boehlert, Sherwood (R-NY)",House,"$1,000",2004
"Cox, Christopher (R-CA)",House,"$1,000",2004
"Daschle, Tom (D-SD)",Senate,"$1,000",2004
"Dingell, John D (D-MI)",House,"$1,000",2004
"Dorgan, Byron L (D-ND)",Senate,"$1,000",2004
"Gephardt, Richard A (D-MO)",House,"$1,000",2004
"Gray, James P (L-CA)",Senate,"$1,000",2004
"Harman, Jane (D-CA)",House,"$1,000",2004
"Hooley, Darlene (D-OR)",House,"$1,000",2004
"Hulshof, Kenny (R-MO)",House,"$1,000",2004
"Jones, Walter B Jr (R-NC)",House,"$1,000",2004
"Kerr, Alice Forgy (R-KY)",House,"$1,000",2004
"Landrieu, Mary L (D-LA)",Senate,"$1,000",2004
"Miller, Brad (D-NC)",House,"$1,000",2004
"Nelson, Bill (D-FL)",Senate,"$1,000",2004
"Ryan, Tim (D-OH)",House,"$1,000",2004
"Saxton, Jim (R-NJ)",House,"$1,000",2004
"Schiff, Adam (D-CA)",House,"$1,000",2004
"Shimkus, John M (R-IL)",House,"$1,000",2004
"Smith, Lamar (R-TX)",House,"$1,000",2004
"Turner, Jim (D-TX)",House,"$1,000",2004
"Upton, Fred (R-MI)",House,"$1,000",2004
"Inslee, Jay R (D-WA)",House,$500,2004
"Keliher, Brian S (D-CA)",House,$300,2004
"Norwood, Charles W (R-GA)",House,$300,2004
"Ameri, Goli Yazdi (R-OR)",House,$250,2004
"Cantwell, Maria (D-WA)",Senate,$250,2004
"Salazar, Ken (D-CO)",Senate,$250,2004
"Tauzin, Billy III (R-LA)",House,$250,2004
"Feinstein, Dianne (D-CA)",Senate,"$26,900",2006
"Busby, Francine P (D-CA)",House,"$16,850",2006
"Lieberman, Joe (I-CT)",Senate,"$10,000",2006
"Bilbray, Brian P (R-CA)",House,"$8,000",2006
"Issa, Darrell (R-CA)",House,"$7,500",2006
"Kirk, Mark (R-IL)",House,"$7,000",2006
"Davis, Susan A (D-CA)",House,"$5,500",2006
"Allen, George (R-VA)",Senate,"$5,000",2006
"Markey, Ed (D-MA)",House,"$5,000",2006
"Smith, Gordon H (R-OR)",Senate,"$5,000",2006
"Smith, Lamar (R-TX)",House,"$5,000",2006
"Upton, Fred (R-MI)",House,"$4,500",2006
"Lamm, Peggy (D-CO)",House,"$4,200",2006
"Nelson, Bill (D-FL)",Senate,"$4,000",2006
"Pickering, Charles (Chip) Jr (R-MS)",House,"$4,000",2006
"Emanuel, Rahm (D-IL)",House,"$3,500",2006
"Eshoo, Anna (D-CA)",House,"$3,500",2006
"Cornyn, John (R-TX)",Senate,"$3,000",2006
"Ensign, John (R-NV)",Senate,"$3,000",2006
"Filner, Bob (D-CA)",House,"$3,000",2006
"Hunter, Duncan (R-CA)",House,"$3,000",2006
"Miller, Brad (D-NC)",House,"$3,000",2006
"Schwartz, Allyson (D-PA)",House,"$3,000",2006
"Shimkus, John M (R-IL)",House,"$3,000",2006
"Burns, Conrad (R-MT)",Senate,"$2,850",2006
"Baucus, Max (D-MT)",Senate,"$2,500",2006
"Conyers, John Jr (D-MI)",House,"$2,500",2006
"Dingell, John D (D-MI)",House,"$2,500",2006
"Murtha, John P (D-PA)",House,"$2,500",2006
"Reynolds, Tom (R-NY)",House,"$2,500",2006
"Shadegg, John (R-AZ)",House,"$2,500",2006
"Waxman, Henry (D-CA)",House,"$2,500",2006
"Cantwell, Maria (D-WA)",Senate,"$2,100",2006
"McCloskey, Pete (R-CA)",House,"$2,100",2006
"Tester, Jon (D-MT)",Senate,"$2,100",2006
"Udall, Mark (D-CO)",House,"$2,100",2006
"Barton, Joe (R-TX)",House,"$2,000",2006
"Becerra, Xavier (D-CA)",House,"$2,000",2006
"Berman, Howard L (D-CA)",House,"$2,000",2006
"Boucher, Rick (D-VA)",House,"$2,000",2006
"Cardin, Ben (D-MD)",House,"$2,000",2006
"DeMint, Jim (R-SC)",Senate,"$2,000",2006
"Dreier, David (R-CA)",House,"$2,000",2006
"Ferguson, Mike (R-NJ)",House,"$2,000",2006
"Hutchison, Kay Bailey (R-TX)",Senate,"$2,000",2006
"Inslee, Jay R (D-WA)",House,"$2,000",2006
"Kyl, Jon (R-AZ)",Senate,"$2,000",2006
"Petri, Tom (R-WI)",House,"$2,000",2006
"Rangel, Charles B (D-NY)",House,"$2,000",2006
"Weller, Jerry (R-IL)",House,"$2,000",2006
"Wilson, Heather A (R-NM)",House,"$2,000",2006
"Wyden, Ron (D-OR)",Senate,"$2,000",2006
"Lungren, Dan (R-CA)",House,"$1,500",2006
"Stabenow, Debbie (D-MI)",Senate,"$1,500",2006
"Bayh, Evan (D-IN)",Senate,"$1,000",2006
"Blackburn, Marsha (R-TN)",House,"$1,000",2006
"Blunt, Roy (R-MO)",House,"$1,000",2006
"Boehlert, Sherwood (R-NY)",House,"$1,000",2006
"Brady, Kevin (R-TX)",House,"$1,000",2006
"Calvert, Ken (R-CA)",House,"$1,000",2006
"Cantor, Eric (R-VA)",House,"$1,000",2006
"Capito, Shelley Moore (R-WV)",House,"$1,000",2006
"Conrad, Kent (D-ND)",Senate,"$1,000",2006
"Dorgan, Byron L (D-ND)",Senate,"$1,000",2006
"Etheridge, Bob (D-NC)",House,"$1,000",2006
"Flake, Jeff (R-AZ)",House,"$1,000",2006
"Hatch, Orrin G (R-UT)",Senate,"$1,000",2006
"Honda, Mike (D-CA)",House,"$1,000",2006
"Lewis, Jerry (R-CA)",House,"$1,000",2006
"Lofgren, Zoe (D-CA)",House,"$1,000",2006
"Manzullo, Don (R-IL)",House,"$1,000",2006
"McIntyre, Mike (D-NC)",House,"$1,000",2006
"Menendez, Robert (D-NJ)",Senate,"$1,000",2006
"Porter, Jon (R-NV)",House,"$1,000",2006
"Pryor, Mark (D-AR)",Senate,"$1,000",2006
"Schwarz, Joe (R-MI)",House,"$1,000",2006
"Stearns, Cliff (R-FL)",House,"$1,000",2006
"Steele, Michael (R-MD)",Senate,"$1,000",2006
"Sununu, John E (R-NH)",Senate,"$1,000",2006
"Tauscher, Ellen (D-CA)",House,"$1,000",2006
"Wynn, Albert R (D-MD)",House,"$1,000",2006
"DeLay, Tom (R-TX)",House,$500,2006
"Farrell, Scott (D-FL)",House,$500,2006
"LaTourette, Steve (R-OH)",House,$500,2006
"Towns, Edolphus (D-NY)",House,$500,2006
"Honeycutt, Deborah Travis (R-GA)",House,$300,2006
"Dodd, Daniel A (D-TX)",House,$250,2006
"Herr, Lois K (D-PA)",House,$250,2006
"Robinson, Vernon (R-NC)",House,$250,2006
"Snowe, Olympia (R-ME)",Senate,$250,2006
"Obama, Barack (D-IL)",Senate,"$86,308",2008
"McCain, John (R-AZ)",Senate,"$62,600",2008
"Clinton, Hillary (D-NY)",Senate,"$47,100",2008
"Markey, Ed (D-MA)",House,"$28,200",2008
"Boxer, Barbara (D-CA)",Senate,"$23,600",2008
"Sununu, John E (R-NH)",Senate,"$14,250",2008
"Davis, Susan A (D-CA)",House,"$11,100",2008
"Udall, Mark (D-CO)",House,"$10,600",2008
"Salazar, Ken (D-CO)",Senate,"$9,500",2008
"Leibham, Nicholas Alexander (D-CA)",House,"$7,900",2008
"Warner, Mark (D-VA)",Senate,"$7,900",2008
"Reid, Harry (D-NV)",Senate,"$7,500",2008
"Giuliani, Rudolph W (R)",Pres,"$7,150",2008
"Baucus, Max (D-MT)",Senate,"$7,000",2008
"Cornyn, John (R-TX)",Senate,"$7,000",2008
"McConnell, Mitch (R-KY)",Senate,"$6,000",2008
"Rockefeller, Jay (D-WV)",Senate,"$6,000",2008
"Smith, Gordon H (R-OR)",Senate,"$6,000",2008
"Blunt, Roy (R-MO)",House,"$5,500",2008
"Eshoo, Anna (D-CA)",House,"$5,000",2008
"Pelosi, Nancy (D-CA)",House,"$5,000",2008
"Feingold, Russ (D-WI)",Senate,"$4,600",2008
"Issa, Darrell (R-CA)",House,"$4,000",2008
"Kerry, John (D-MA)",Senate,"$4,000",2008
"Lincoln, Blanche (D-AR)",Senate,"$4,000",2008
"Lofgren, Zoe (D-CA)",House,"$4,000",2008
"Inslee, Jay R (D-WA)",House,"$3,500",2008
"Collins, Susan M (R-ME)",Senate,"$3,250",2008
"Becerra, Xavier (D-CA)",House,"$3,000",2008
"Petri, Tom (R-WI)",House,"$3,000",2008
"Specter, Arlen (R-PA)",Senate,"$3,000",2008
"Terry, Lee (R-NE)",House,"$3,000",2008
"Wilson, Heather A (R-NM)",House,"$3,000",2008
"Paul, Ron (R-TX)",House,"$2,850",2008
"Camp, Dave (R-MI)",House,"$2,500",2008
"Clyburn, James E (D-SC)",House,"$2,500",2008
"Crapo, Mike (R-ID)",Senate,"$2,500",2008
"McCrery, Jim (R-LA)",House,"$2,500",2008
"Roberts, Erwin (R-KY)",House,"$2,300",2008
"Salazar, John (D-CO)",House,"$2,300",2008
"Shaheen, Jeanne (D-NH)",Senate,"$2,300",2008
"Berman, Howard L (D-CA)",House,"$2,000",2008
"Boucher, Rick (D-VA)",House,"$2,000",2008
"Cardin, Ben (D-MD)",Senate,"$2,000",2008
"Conyers, John Jr (D-MI)",House,"$2,000",2008
"Dingell, John D (D-MI)",House,"$2,000",2008
"Durbin, Dick (D-IL)",Senate,"$2,000",2008
"Emanuel, Rahm (D-IL)",House,"$2,000",2008
"Filner, Bob (D-CA)",House,"$2,000",2008
"Kennedy, Edward M (D-MA)",Senate,"$2,000",2008
"Kirk, Mark (R-IL)",House,"$2,000",2008
"Leahy, Patrick (D-VT)",Senate,"$2,000",2008
"Manzullo, Don (R-IL)",House,"$2,000",2008
"Nelson, Bill (D-FL)",Senate,"$2,000",2008
"Rangel, Charles B (D-NY)",House,"$2,000",2008
"Rogers, Hal (R-KY)",House,"$2,000",2008
"Schiff, Adam (D-CA)",House,"$2,000",2008
"Upton, Fred (R-MI)",House,"$2,000",2008
"Van Hollen, Chris (D-MD)",House,"$2,000",2008
"Weller, Jerry (R-IL)",House,"$2,000",2008
"Boehner, John (R-OH)",House,"$1,500",2008
"Feinstein, Dianne (D-CA)",Senate,"$1,500",2008
"McKinney, Cynthia (3)",Pres,"$1,100",2008
"Barton, Joe (R-TX)",House,"$1,000",2008
"Bennett, Robert F (R-UT)",Senate,"$1,000",2008
"Berkley, Shelley (D-NV)",House,"$1,000",2008
"Bilbray, Brian P (R-CA)",House,"$1,000",2008
"Bono Mack, Mary (R-CA)",House,"$1,000",2008
"Cazayoux, Don (D-LA)",House,"$1,000",2008
"Coburn, Tom (R-OK)",Senate,"$1,000",2008
"Crowley, Joseph (D-NY)",House,"$1,000",2008
"Davis, Artur (D-AL)",House,"$1,000",2008
"DeMint, Jim (R-SC)",Senate,"$1,000",2008
"Dreier, David (R-CA)",House,"$1,000",2008
"English, Phil (R-PA)",House,"$1,000",2008
"Feeney, Tom (R-FL)",House,"$1,000",2008
"Franken, Al (D-MN)",Senate,"$1,000",2008
"Frelinghuysen, Rodney (R-NJ)",House,"$1,000",2008
"Gordon, Bart (D-TN)",House,"$1,000",2008
"Gorman, Chris D (R-LA)",House,"$1,000",2008
"Jones, Walter B Jr (R-NC)",House,"$1,000",2008
"Keller, Ric (R-FL)",House,"$1,000",2008
"Lewis, John (D-GA)",House,"$1,000",2008
"McCaskill, Claire (D-MO)",Senate,"$1,000",2008
"McCaul, Michael (R-TX)",House,"$1,000",2008
"McIntyre, Mike (D-NC)",House,"$1,000",2008
"Miller, Brad (D-NC)",House,"$1,000",2008
"Pryor, Mark (D-AR)",Senate,"$1,000",2008
"Reed, Jack (D-RI)",Senate,"$1,000",2008
"Reynolds, Tom (R-NY)",House,"$1,000",2008
"Schwartz, Allyson (D-PA)",House,"$1,000",2008
"Shadegg, John (R-AZ)",House,"$1,000",2008
"Sheehan, Cindy (I-CA)",House,"$1,000",2008
"Stearns, Cliff (R-FL)",House,"$1,000",2008
"Stupak, Bart (D-MI)",House,"$1,000",2008
"Tauscher, Ellen (D-CA)",House,"$1,000",2008
"Waxman, Henry (D-CA)",House,"$1,000",2008
"Wexler, Robert (D-FL)",House,"$1,000",2008
"Wu, David (D-OR)",House,"$1,000",2008
"Wynn, Albert R (D-MD)",House,"$1,000",2008
"Huckabee, Mike (R)",Pres,$500,2008
"Nader, Ralph (I)",Pres,$500,2008
"Edwards, John (D)",Pres,$250,2008
"Hunter, Duncan D (R-CA)",House,$250,2008
"Kucinich, Dennis (D-OH)",House,$250,2008
"Pryce, Deborah (R-OH)",House,$250,2008
"Richardson, Bill (D)",Pres,$250,2008
"Thompson, Fred (R)",Pres,$250,2008
"Reid, Harry (D-NV)",Senate,"$35,700",2010
"Fiorina, Carly (R-CA)",Senate,"$13,300",2010
"Davis, Susan A (D-CA)",House,"$12,200",2010
"Markey, Ed (D-MA)",House,"$11,000",2010
"Schumer, Charles E (D-NY)",Senate,"$8,000",2010
"Boucher, Rick (D-VA)",House,"$7,500",2010
"Busby, Francine P (D-CA)",House,"$7,250",2010
"Boxer, Barbara (D-CA)",Senate,"$7,078",2010
"Upton, Fred (R-MI)",House,"$6,500",2010
"Hodes, Paul W (D-NH)",House,"$5,800",2010
"DeMint, Jim (R-SC)",Senate,"$5,000",2010
"Pelosi, Nancy (D-CA)",House,"$5,000",2010
"Murray, Patty (D-WA)",Senate,"$4,900",2010
"Blunt, Roy (R-MO)",House,"$4,000",2010
"Becerra, Xavier (D-CA)",House,"$3,500",2010
"Dingell, John D (D-MI)",House,"$3,500",2010
"Hunter, Duncan D (R-CA)",House,"$3,500",2010
"Wyden, Ron (D-OR)",Senate,"$3,500",2010
"Meek, Kendrick B (D-FL)",House,"$3,250",2010
"Bennet, Michael F (D-CO)",Senate,"$3,000",2010
"Clyburn, James E (D-SC)",House,"$3,000",2010
"Eshoo, Anna (D-CA)",House,"$3,000",2010
"Feinstein, Dianne (D-CA)",Senate,"$3,000",2010
"Grassley, Chuck (R-IA)",Senate,"$3,000",2010
"Inslee, Jay R (D-WA)",House,"$3,000",2010
"McCaul, Michael (R-TX)",House,"$3,000",2010
"Specter, Arlen (D-PA)",Senate,"$3,000",2010
"Waxman, Henry (D-CA)",House,"$3,000",2010
"McCain, John (R-AZ)",Senate,"$2,750",2010
"Barton, Joe (R-TX)",House,"$2,500",2010
"Baucus, Max (D-MT)",Senate,"$2,500",2010
"Kerry, John (D-MA)",Senate,"$2,500",2010
"Rangel, Charles B (D-NY)",House,"$2,500",2010
"Thune, John (R-SD)",Senate,"$2,500",2010
"Van Hollen, Chris (D-MD)",House,"$2,500",2010
"Burr, Richard (R-NC)",Senate,"$2,000",2010
"Camp, Dave (R-MI)",House,"$2,000",2010
"Frelinghuysen, Rodney (R-NJ)",House,"$2,000",2010
"Garamendi, John (D-CA)",House,"$2,000",2010
"Gillibrand, Kirsten (D-NY)",Senate,"$2,000",2010
"Issa, Darrell (R-CA)",House,"$2,000",2010
"Lofgren, Zoe (D-CA)",House,"$2,000",2010
"Michaud, Mike (D-ME)",House,"$2,000",2010
"Petri, Tom (R-WI)",House,"$2,000",2010
"Schwartz, Allyson (D-PA)",House,"$2,000",2010
"Stearns, Cliff (R-FL)",House,"$2,000",2010
"Tauscher, Ellen (D-CA)",House,"$2,000",2010
"Coons, Chris (D-DE)",Senate,"$1,500",2010
"Teague, Harry (D-NM)",House,"$1,500",2010
"Filner, Bob (D-CA)",House,"$1,300",2010
"Lincoln, Blanche (D-AR)",Senate,"$1,250",2010
"Begich, Mark (D-AK)",Senate,"$1,000",2010
"Berman, Howard L (D-CA)",House,"$1,000",2010
"Bilbray, Brian P (R-CA)",House,"$1,000",2010
"Bono Mack, Mary (R-CA)",House,"$1,000",2010
"Coats, Dan (R-IN)",Senate,"$1,000",2010
"Coble, Howard (R-NC)",House,"$1,000",2010
"Conyers, John Jr (D-MI)",House,"$1,000",2010
"Engel, Eliot L (D-NY)",House,"$1,000",2010
"Franks, Trent (R-AZ)",House,"$1,000",2010
"Giffords, Gabrielle (D-AZ)",House,"$1,000",2010
"Gordon, Bart (D-TN)",House,"$1,000",2010
"Hoeven, John (R-ND)",Senate,"$1,000",2010
"Honda, Mike (D-CA)",House,"$1,000",2010
"Isakson, Johnny (R-GA)",Senate,"$1,000",2010
"Jones, Walter B Jr (R-NC)",House,"$1,000",2010
"Jordan, Jim (R-OH)",House,"$1,000",2010
"Levin, Sander (D-MI)",House,"$1,000",2010
"Lujan, Ben R (D-NM)",House,"$1,000",2010
"McCarthy, Kevin (R-CA)",House,"$1,000",2010
"McIntyre, Mike (D-NC)",House,"$1,000",2010
"Merkley, Jeff (D-OR)",Senate,"$1,000",2010
"Miller, Brad (D-NC)",House,"$1,000",2010
"Murphy, Scott (D-NY)",House,"$1,000",2010
"Pence, Mike (R-IN)",House,"$1,000",2010
"Rogers, Mike (R-MI)",House,"$1,000",2010
"Roskam, Peter (R-IL)",House,"$1,000",2010
"Rubio, Marco (R-FL)",Senate,"$1,000",2010
"Schiff, Adam (D-CA)",House,"$1,000",2010
"Sessions, Pete (R-TX)",House,"$1,000",2010
"Smith, Lamar (R-TX)",House,"$1,000",2010
"Spratt, John M Jr (D-SC)",House,"$1,000",2010
"Stabenow, Debbie (D-MI)",Senate,"$1,000",2010
"Lawson, William T Jr (R-NC)",House,$500,2010
"Moran, Jerry (R-KS)",House,$500,2010
"Schiff, Peter (R-CT)",Senate,$450,2010
"Pougnet, Stephen P (D-CA)",House,$400,2010
"Boehner, John (R-OH)",House,$250,2010
"Brooks, Paula (D-OH)",House,$250,2010
"Brown, Scott (R-MA)",Senate,$250,2010
"Feingold, Russ (D-WI)",Senate,$250,2010
"Goyle, Raj (D-KS)",House,$250,2010
"Trivedi, Manan (D-PA)",House,$250,2010
"Obama, Barack (D)",Pres,$-600,2010
"Clinton, Hillary (D-NY)",Senate,"$-3,400",2010
"Salazar, Ken (D-CO)",Senate,"$-5,000",2010
"Obama, Barack (D)",Pres,"$102,167",2012
"Romney, Mitt (R)",Pres,"$53,000",2012
"Peters, Scott (D-CA)",House,"$23,250",2012
"Carper, Tom (D-DE)",Senate,"$12,500",2012
"Bono Mack, Mary (R-CA)",House,"$11,500",2012
"Ruiz, Raul (D-CA)",House,"$10,000",2012
"Stabenow, Debbie (D-MI)",Senate,"$9,000",2012
"Hatch, Orrin G (R-UT)",Senate,"$7,000",2012
"Walden, Greg (R-OR)",House,"$6,500",2012
"Baucus, Max (D-MT)",Senate,"$6,000",2012
"Paul, Ron (R-TX)",House,"$5,622",2012
"Kaine, Tim (D-VA)",Senate,"$5,500",2012
"Polis, Jared (D-CO)",House,"$5,000",2012
"Bilbray, Brian P (R-CA)",House,"$4,500",2012
"Boehner, John (R-OH)",House,"$4,500",2012
"Camp, Dave (R-MI)",House,"$4,500",2012
"Davis, Susan A (D-CA)",House,"$4,000",2012
"Eshoo, Anna (D-CA)",House,"$4,000",2012
"Warner, Mark (D-VA)",Senate,"$4,000",2012
"Issa, Darrell (R-CA)",House,"$3,500",2012
"Pelosi, Nancy (D-CA)",House,"$3,500",2012
"Waxman, Henry (D-CA)",House,"$3,500",2012
"Markey, Ed (D-MA)",House,"$3,000",2012
"Nelson, Bill (D-FL)",Senate,"$3,000",2012
"Roskam, Peter (R-IL)",House,"$3,000",2012
"Ryan, Paul (R-WI)",House,"$3,000",2012
"Wicker, Roger (R-MS)",Senate,"$3,000",2012
"Barton, Joe (R-TX)",House,"$2,500",2012
"Blumenthal, Richard (D-CT)",Senate,"$2,500",2012
"Boxer, Barbara (D-CA)",Senate,"$2,500",2012
"Brady, Kevin (R-TX)",House,"$2,500",2012
"Casey, Bob (D-PA)",Senate,"$2,500",2012
"Donnelly, Joe (D-IN)",House,"$2,500",2012
"Feinstein, Dianne (D-CA)",Senate,"$2,500",2012
"Franken, Al (D-MN)",Senate,"$2,500",2012
"Hoyer, Steny H (D-MD)",House,"$2,500",2012
"Matheson, Jim (D-UT)",House,"$2,500",2012
"Menendez, Robert (D-NJ)",Senate,"$2,500",2012
"Snowe, Olympia (R-ME)",Senate,"$2,500",2012
"Tester, Jon (D-MT)",Senate,"$2,500",2012
"Watt, Melvin L (D-NC)",House,"$2,500",2012
"Warren, Elizabeth (D-MA)",Senate,"$2,450",2012
"Bass, Charles (R-NH)",House,"$2,000",2012
"Bera, Ami (D-CA)",House,"$2,000",2012
"Honda, Mike (D-CA)",House,"$2,000",2012
"Lofgren, Zoe (D-CA)",House,"$2,000",2012
"Lujan, Ben R (D-NM)",House,"$2,000",2012
"McIntyre, Mike (D-NC)",House,"$2,000",2012
"Pryor, Mark (D-AR)",Senate,"$2,000",2012
"Rogers, Mike (R-MI)",House,"$2,000",2012
"Royce, Ed (R-CA)",House,"$2,000",2012
"Smith, Lamar (R-TX)",House,"$2,000",2012
"Terry, Lee (R-NE)",House,"$2,000",2012
"Udall, Mark (D-CO)",Senate,"$2,000",2012
"Wyden, Ron (D-OR)",Senate,"$2,000",2012
"Clyburn, James E (D-SC)",House,"$1,500",2012
"Crowley, Joseph (D-NY)",House,"$1,500",2012
"Dingell, John D (D-MI)",House,"$1,500",2012
"Rockefeller, Jay (D-WV)",Senate,"$1,500",2012
"Whitehouse, Sheldon (D-RI)",Senate,"$1,500",2012
"Gillibrand, Kirsten (D-NY)",Senate,"$1,250",2012
"Ayotte, Kelly (R-NH)",Senate,"$1,000",2012
"Barrow, John (D-GA)",House,"$1,000",2012
"Becerra, Xavier (D-CA)",House,"$1,000",2012
"Begich, Mark (D-AK)",Senate,"$1,000",2012
"Berkley, Shelley (D-NV)",House,"$1,000",2012
"Brown, Scott (R-MA)",Senate,"$1,000",2012
"Cain, Herman (R)",Pres,"$1,000",2012
"Cardin, Ben (D-MD)",Senate,"$1,000",2012
"Chaffetz, Jason (R-UT)",House,"$1,000",2012
"Conyers, John Jr (D-MI)",House,"$1,000",2012
"Flake, Jeff (R-AZ)",House,"$1,000",2012
"Frelinghuysen, Rodney (R-NJ)",House,"$1,000",2012
"Garamendi, John (D-CA)",House,"$1,000",2012
"Hagan, Kay R (D-NC)",Senate,"$1,000",2012
"Hall, Ralph (R-TX)",House,"$1,000",2012
"Landrieu, Mary L (D-LA)",Senate,"$1,000",2012
"Lankford, James (R-OK)",House,"$1,000",2012
"Levin, Sander (D-MI)",House,"$1,000",2012
"Matsui, Doris O (D-CA)",House,"$1,000",2012
"McCaul, Michael (R-TX)",House,"$1,000",2012
"Mica, John L (R-FL)",House,"$1,000",2012
"Murkowski, Lisa (R-AK)",Senate,"$1,000",2012
"O'Rourke, Beto (D-TX)",House,"$1,000",2012
"Price, Tom (R-GA)",House,"$1,000",2012
"Reed, Tom (R-NY)",House,"$1,000",2012
"Rokita, Todd (R-IN)",House,"$1,000",2012
"Schwartz, Allyson (D-PA)",House,"$1,000",2012
"Thune, John (R-SD)",Senate,"$1,000",2012
"Tiberi, Pat (R-OH)",House,"$1,000",2012
"Toomey, Pat (R-PA)",Senate,"$1,000",2012
"Udall, Tom (D-NM)",Senate,"$1,000",2012
"Upton, Fred (R-MI)",House,"$1,000",2012
"Vargas, Juan (D-CA)",House,"$1,000",2012
"Saldana, Lori (D-CA)",House,$700,2012
"Clayton, Taj (D-TX)",House,$550,2012
"Bartlett, Roscoe G (R-MD)",House,$500,2012
"Black, Diane (R-TN)",House,$500,2012
"Boustany, Charles Jr (R-LA)",House,$500,2012
"Hunter, Duncan D (R-CA)",House,$500,2012
"Pace, Sal (D-CO)",House,$500,2012
"Gill, David (D-IL)",House,$400,2012
"Huntsman, Jon (R)",Pres,$400,2012
"Sanders, Bernie (I-VT)",Senate,$400,2012
"Nascenzi, Bob (D-CA)",House,$283,2012
"Bachmann, Michele (R-MN)",House,$250,2012
"Price, David (D-NC)",House,$250,2012
"Trivedi, Manan (D-PA)",House,$250,2012
"West, Allen (R-FL)",House,$250,2012
"Bothwell, Cecil (D-NC)",House,$235,2012
"Brouillet, Carol (3-CA)",House,$200,2012
"Porter, Steve (I-PA)",House,"$-1,000",2012
"Peters, Scott (D-CA)",House,"$46,350",2014
"Demaio, Carl (R-CA)",House,"$26,400",2014
"Udall, Mark (D-CO)",Senate,"$12,500",2014
"Davis, Susan A (D-CA)",House,"$9,500",2014
"Vargas, Juan (D-CA)",House,"$7,250",2014
"Markey, Ed (D-MA)",Senate,"$6,200",2014
"Ruiz, Raul (D-CA)",House,"$5,200",2014
"Coons, Chris (D-DE)",Senate,"$5,000",2014
"Cornyn, John (R-TX)",Senate,"$5,000",2014
"Gardner, Cory (R-CO)",House,"$5,000",2014
"Grimes, Alison (D-KY)",Senate,"$5,000",2014
"Pelosi, Nancy (D-CA)",House,"$5,000",2014
"Reid, Harry (D-NV)",Senate,"$5,000",2014
"Walden, Greg (R-OR)",House,"$5,000",2014
"Ayotte, Kelly (R-NH)",Senate,"$4,500",2014
"Goodlatte, Bob (R-VA)",House,"$4,500",2014
"Issa, Darrell (R-CA)",House,"$4,050",2014
"Hagan, Kay R (D-NC)",Senate,"$4,000",2014
"Landrieu, Mary L (D-LA)",Senate,"$4,000",2014
"Pryor, Mark (D-AR)",Senate,"$4,000",2014
"Udall, Tom (D-NM)",Senate,"$4,000",2014
"Booker, Cory (D-NJ)",Senate,"$3,600",2014
"Begich, Mark (D-AK)",Senate,"$3,500",2014
"Durbin, Dick (D-IL)",Senate,"$3,500",2014
"McCarthy, Kevin (R-CA)",House,"$3,500",2014
"Ryan, Paul (R-WI)",House,"$3,500",2014
"Shuster, Bill (R-PA)",House,"$3,500",2014
"Warner, Mark (D-VA)",Senate,"$3,500",2014
"Collins, Susan M (R-ME)",Senate,"$3,250",2014
"Johnson, Ron (R-WI)",Senate,"$3,000",2014
"Lofgren, Zoe (D-CA)",House,"$3,000",2014
"Hunter, Duncan D (R-CA)",House,"$2,750",2014
"Cassidy, Bill (R-LA)",House,"$2,600",2014
"Schumer, Charles E (D-NY)",Senate,"$2,600",2014
"Zinke, Ryan K (R-MT)",House,"$2,600",2014
"Brady, Kevin (R-TX)",House,"$2,500",2014
"Clyburn, James E (D-SC)",House,"$2,500",2014
"Feinstein, Dianne (D-CA)",Senate,"$2,500",2014
"Gowdy, Trey (R-SC)",House,"$2,500",2014
"Hirono, Mazie K (D-HI)",Senate,"$2,500",2014
"Jenkins, Lynn (R-KS)",House,"$2,500",2014
"Klobuchar, Amy (D-MN)",Senate,"$2,500",2014
"Lee, Mike (R-UT)",Senate,"$2,500",2014
"McConnell, Mitch (R-KY)",Senate,"$2,500",2014
"Nelson, Bill (D-FL)",Senate,"$2,500",2014
"Paul, Rand (R-KY)",Senate,"$2,500",2014
"Sessions, Pete (R-TX)",House,"$2,500",2014
"Upton, Fred (R-MI)",House,"$2,500",2014
"Blackburn, Marsha (R-TN)",House,"$2,000",2014
"Honda, Mike (D-CA)",House,"$2,000",2014
"Lujan, Ben R (D-NM)",House,"$2,000",2014
"Massie, Thomas (R-KY)",House,"$2,000",2014
"Matsui, Doris O (D-CA)",House,"$2,000",2014
"Orman, Greg (I-KS)",Senate,"$2,000",2014
"Rubio, Marco (R-FL)",Senate,"$2,000",2014
"Ruppersberger, Dutch (D-MD)",House,"$2,000",2014
"Shaheen, Jeanne (D-NH)",Senate,"$2,000",2014
"Van Hollen, Chris (D-MD)",House,"$2,000",2014
"Chabot, Paul (R-CA)",House,"$1,800",2014
"Graham, Gwen (D-FL)",House,"$1,500",2014
"Jeffries, Hakeem (D-NY)",House,"$1,500",2014
"Bellows, Shenna (D-ME)",Senate,"$1,000",2014
"Corbett, Ellen (D-CA)",House,"$1,000",2014
"Engel, Eliot L (D-NY)",House,"$1,000",2014
"Gillespie, Ed (R-VA)",Senate,"$1,000",2014
"Graham, Lindsey (R-SC)",Senate,"$1,000",2014
"Guthrie, Brett (R-KY)",House,"$1,000",2014
"Gutierrez, Luis V (D-IL)",House,"$1,000",2014
"Heinrich, Martin (D-NM)",Senate,"$1,000",2014
"Lance, Leonard (R-NJ)",House,"$1,000",2014
"Latta, Robert E (R-OH)",House,"$1,000",2014
"Matheson, Jim (D-UT)",House,"$1,000",2014
"McCall, Jessica (D-MI)",House,"$1,000",2014
"McCaul, Michael (R-TX)",House,"$1,000",2014
"McIntyre, Mike (D-NC)",House,"$1,000",2014
"Nadler, Jerrold (D-NY)",House,"$1,000",2014
"Petri, Tom (R-WI)",House,"$1,000",2014
"Reed, Tom (R-NY)",House,"$1,000",2014
"Renteria, Amanda (D-CA)",House,"$1,000",2014
"Rogers, Mike (R-MI)",House,"$1,000",2014
"Roskam, Peter (R-IL)",House,"$1,000",2014
"Scalise, Steve (R-LA)",House,"$1,000",2014
"Shimkus, John M (R-IL)",House,"$1,000",2014
"Smith, Lamar (R-TX)",House,"$1,000",2014
"Terry, Lee (R-NE)",House,"$1,000",2014
"Toomey, Pat (R-PA)",Senate,"$1,000",2014
"Hannosh, Paul (R-CA)",House,$500,2014
"Royce, Ed (R-CA)",House,$500,2014
"Trivedi, Manan (D-PA)",House,$250,2014
"Eshoo, Anna (D-CA)",House,$-500,2014
"Romney, Mitt (R)",Pres,"$-2,525",2014
"Clinton, Hillary (D)",Pres,"$88,102",2016
"Peters, Scott (D-CA)",House,"$29,035",2016
"Sanders, Bernie (D-VT)",Senate,"$18,212",2016
"Davis, Susan A (D-CA)",House,"$11,500",2016
"Upton, Fred (R-MI)",House,"$10,000",2016
"Walden, Greg (R-OR)",House,"$10,000",2016
"Gitsham, Denise (R-CA)",House,"$8,697",2016
"Jordan, Jim (R-OH)",House,"$7,500",2016
"Vargas, Juan (D-CA)",House,"$6,300",2016
"Trump, Donald (R)",Pres,"$6,176",2016
"Blumenthal, Richard (D-CT)",Senate,"$5,000",2016
"Feinstein, Dianne (D-CA)",Senate,"$5,000",2016
"Lujan, Ben R (D-NM)",House,"$5,000",2016
"McCarthy, Kevin (R-CA)",House,"$5,000",2016
"Pallone, Frank Jr (D-NJ)",House,"$5,000",2016
"Rodgers, Cathy McMorris (R-WA)",House,"$5,000",2016
"Thune, John (R-SD)",Senate,"$5,000",2016
"Ayotte, Kelly (R-NH)",Senate,"$4,500",2016
"Harris, Kamala D (D-CA)",Senate,"$4,500",2016
"Issa, Darrell (R-CA)",House,"$3,750",2016
"Bennet, Michael F (D-CO)",Senate,"$3,550",2016
"Pelosi, Nancy (D-CA)",House,"$3,510",2016
"Cruz, Ted (R-TX)",Senate,"$3,210",2016
"Engel, Eliot L (D-NY)",House,"$3,000",2016
"Shuster, Bill (R-PA)",House,"$3,000",2016
"Walters, Mimi (R-CA)",House,"$3,000",2016
"Varasteh, Ron (D-CA)",House,"$2,790",2016
"Hoeber, Amie (R-MD)",House,"$2,700",2016
"Blunt, Roy (R-MO)",Senate,"$2,500",2016
"Brady, Kevin (R-TX)",House,"$2,500",2016
"Fischer, Deb (R-NE)",Senate,"$2,500",2016
"Flake, Jeff (R-AZ)",Senate,"$2,500",2016
"Grassley, Chuck (R-IA)",Senate,"$2,500",2016
"Heinrich, Martin (D-NM)",Senate,"$2,500",2016
"Hoyer, Steny H (D-MD)",House,"$2,500",2016
"Massie, Thomas (R-KY)",House,"$2,500",2016
"Paulsen, Erik (R-MN)",House,"$2,500",2016
"Royce, Ed (R-CA)",House,"$2,500",2016
"Schumer, Charles E (D-NY)",Senate,"$2,500",2016
"Sessions, Pete (R-TX)",House,"$2,500",2016
"Shimkus, John M (R-IL)",House,"$2,500",2016
"Udall, Tom (D-NM)",Senate,"$2,500",2016
"Van Hollen, Chris (D-MD)",House,"$2,500",2016
"Booker, Cory (D-NJ)",Senate,"$2,000",2016
"Cramer, Kevin (R-ND)",House,"$2,000",2016
"Hatch, Orrin G (R-UT)",Senate,"$2,000",2016
"Schatz, Brian (D-HI)",Senate,"$2,000",2016
"Smith, Lamar (R-TX)",House,"$2,000",2016
"Tillis, Thom (R-NC)",Senate,"$2,000",2016
"Whitehouse, Sheldon (D-RI)",Senate,"$2,000",2016
"Aguilar, Pete (D-CA)",House,"$1,710",2016
"Applegate, Douglas L (D-CA)",House,"$1,700",2016
"Rubio, Marco (R-FL)",Senate,"$1,700",2016
"Clarke, Yvette D (D-NY)",House,"$1,500",2016
"Clyburn, James E (D-SC)",House,"$1,500",2016
"Eshoo, Anna (D-CA)",House,"$1,500",2016
"Johnson, Ron (R-WI)",Senate,"$1,500",2016
"Tiberi, Pat (R-OH)",House,"$1,500",2016
"Stein, Jill (3)",Pres,"$1,161",2016
"Kirkpatrick, Ann (D-AZ)",House,"$1,080",2016
"Feingold, Russ (D-WI)",Senate,"$1,064",2016
"Baldwin, Tammy (D-WI)",Senate,"$1,000",2016
"Bera, Ami (D-CA)",House,"$1,000",2016
"Boustany, Charles Jr (R-LA)",House,"$1,000",2016
"Burgess, Michael (R-TX)",House,"$1,000",2016
"Bush, Jeb (R)",Pres,"$1,000",2016
"Cardenas, Tony (D-CA)",House,"$1,000",2016
"Daines, Steven (R-MT)",Senate,"$1,000",2016
"DeGette, Diana (D-CO)",House,"$1,000",2016
"DelBene, Suzan (D-WA)",House,"$1,000",2016
"Deutch, Ted (D-FL)",House,"$1,000",2016
"Foster, Bill (D-IL)",House,"$1,000",2016
"Gardner, Cory (R-CO)",Senate,"$1,000",2016
"Gutierrez, Luis V (D-IL)",House,"$1,000",2016
"Hirono, Mazie K (D-HI)",Senate,"$1,000",2016
"Honda, Mike (D-CA)",House,"$1,000",2016
"Hunter, Duncan D (R-CA)",House,"$1,000",2016
"Jeffries, Hakeem (D-NY)",House,"$1,000",2016
"Kelly, Mike (R-PA)",House,"$1,000",2016
"Lance, Leonard (R-NJ)",House,"$1,000",2016
"Latta, Robert E (R-OH)",House,"$1,000",2016
"Lofgren, Zoe (D-CA)",House,"$1,000",2016
"Portman, Rob (R-OH)",Senate,"$1,000",2016
"Reed, Tom (R-NY)",House,"$1,000",2016
"Sinema, Kyrsten (D-AZ)",House,"$1,000",2016
"Stefanik, Elise (R-NY)",House,"$1,000",2016
"Toomey, Pat (R-PA)",Senate,"$1,000",2016
"Brannon, Greg (R-NC)",House,$766,2016
"Bennett, LuAnn (D-VA)",House,$605,2016
"Masto, Catherine Cortez (D-NV)",Senate,$599,2016
"Barve, Kumar P (D-MD)",House,$500,2016
"Campbell, Foster (D-LA)",Senate,$500,2016
"Gurfein, David (R-NY)",House,$500,2016
"Holding, George (R-NC)",House,$500,2016
"Ryan, Paul (R-WI)",House,$500,2016
"Szeliga, Kathy (R-MD)",Senate,$500,2016
"Webb, Jim (D)",Pres,$500,2016
"Santarsiero, Steve (D-PA)",House,$350,2016
"Kasich, John (R)",Pres,$300,2016
"Ross, Deborah (D-NC)",Senate,$300,2016
"Atkinson, Jacquie (R-CA)",House,$250,2016
"Johnson, Gary (L)",Pres,$250,2016
"Juneau, Denise (D-MT)",House,$250,2016
"Khanna, Ro (D-CA)",House,$250,2016
"Malloy, Patrick (D-CA)",House,$250,2016
"Price, Tom (R-GA)",House,$250,2016
"Walker, Scott (R)",Pres,$250,2016
"Gabbard, Tulsi (D-HI)",House,$208,2016
"Carson, Ben (R)",Pres,$200,2016
"Chabot, Paul (R-CA)",House,$150,2016
"Hassan, Maggie (D-NH)",Senate,$106,2016
"McGinty, Katie (D-PA)",Senate,$56,2016
"Barragan, Nanette (D-CA)",House,$27,2016
"Carroll, Morgan (D-CO)",House,$27,2016
"Clements, Paul (D-MI)",House,$27,2016
"Nolan, Rick (D-MN)",House,$27,2016
"Franken, Al (D-MN)",Senate,$25,2016
"Grayson, Alan (D-FL)",House,$25,2016
"Kander, Jason (D-MO)",Senate,$25,2016
"Warren, Elizabeth (D-MA)",Senate,$25,2016
"Duckworth, Tammy (D-IL)",House,$13,2016
"Balchunis, Mary Ellen (D-PA)",House,$10,2016
"Gregory, DuWayne (D-NY)",House,$10,2016
"Hoeft, Mary (D-WI)",House,$10,2016
"Jacob, Peter (D-NJ)",House,$10,2016
"Valdes, Alina (D-FL)",House,$10,2016
"Wakely, Tom (D-TX)",House,$10,2016
"Iron Eyes, Chase (D-ND)",House,$8,2016
"Nelson, Tom (D-WI)",House,$8,2016
"Jacobs, Sara (D-CA)",House,"$19,750",2018
"Coons, Chris (D-DE)",Senate,"$16,400",2018
"Feinstein, Dianne (D-CA)",Senate,"$14,310",2018
"Campa-Najjar, Ammar (D-CA)",House,"$11,880",2018
"Peters, Scott (D-CA)",House,"$11,850",2018
"Walden, Greg (R-OR)",House,"$10,500",2018
"Schiff, Adam (D-CA)",House,"$7,000",2018
"Vargas, Juan (D-CA)",House,"$7,000",2018
"Sinema, Kyrsten (D-AZ)",House,"$6,650",2018
"Pelosi, Nancy (D-CA)",House,"$6,603",2018
"Davis, Susan A (D-CA)",House,"$6,500",2018
"O'Rourke, Beto (D-TX)",House,"$6,357",2018
"Aguilar, Pete (D-CA)",House,"$5,875",2018
"Engel, Eliot L (D-NY)",House,"$5,500",2018
"Wexton, Jennifer (D-VA)",House,"$5,406",2018
"Heng, Elizabeth (R-CA)",House,"$5,400",2018
"Rohrabacher, Dana (R-CA)",House,"$5,400",2018
"Pallone, Frank Jr (D-NJ)",House,"$5,200",2018
"Ocasio-Cortez, Alexandria (D-NY)",House,"$5,040",2018
"King, Angus (I-ME)",Senate,"$5,000",2018
"Klobuchar, Amy (D-MN)",Senate,"$5,000",2018
"McConnell, Mitch (R-KY)",Senate,"$5,000",2018
"Menendez, Robert (D-NJ)",Senate,"$4,700",2018
"Walters, Mimi (R-CA)",House,"$4,500",2018
"Heinrich, Martin (D-NM)",Senate,"$3,950",2018
"Jones, Doug (D-AL)",Senate,"$3,738",2018
"Jones, Gina (D-TX)",House,"$3,705",2018
"Hirono, Mazie K (D-HI)",Senate,"$3,700",2018
"Levin, Mike (D-CA)",House,"$3,531",2018
"Comstock, Barbara (R-VA)",House,"$3,500",2018
"Gianforte, Greg (R-MT)",House,"$3,200",2018
"Lance, Leonard (R-NJ)",House,"$3,000",2018
"Roskam, Peter (R-IL)",House,"$3,000",2018
"Sessions, Pete (R-TX)",House,"$3,000",2018
"Porter, Katie (D-CA)",House,"$2,800",2018
"Hill, Katie (D-CA)",House,"$2,754",2018
"Finkenauer, Abby (D-IA)",House,"$2,704",2018
"Cardin, Ben (D-MD)",Senate,"$2,700",2018
"Moore, Roy (R-AL)",Senate,"$2,700",2018
"Norman, Ralph (R-SC)",House,"$2,700",2018
"Shalala, Donna (D-FL)",House,"$2,700",2018
"Brady, Kevin (R-TX)",House,"$2,500",2018
"Marino, Tom (R-PA)",House,"$2,500",2018
"McCarthy, Kevin (R-CA)",House,"$2,500",2018
"McCaul, Michael (R-TX)",House,"$2,500",2018
"Scott, Rick (R-FL)",Senate,"$2,500",2018
"Udall, Tom (D-NM)",Senate,"$2,500",2018
"Wyden, Ron (D-OR)",Senate,"$2,500",2018
"Kim, Andy (D-NJ)",House,"$2,275",2018
"Heitkamp, Heidi (D-ND)",Senate,"$2,246",2018
"Sanders, Bernie (I-VT)",Senate,"$2,107",2018
"Brat, Dave (R-VA)",House,"$2,100",2018
"Barr, Andy (R-KY)",House,"$2,000",2018
"Bishop, Mike (R-MI)",House,"$2,000",2018
"Cotton, Tom (R-AR)",Senate,"$2,000",2018
"Hagedorn, Jim (R-MN)",House,"$2,000",2018
"McSally, Martha (R-AZ)",House,"$2,000",2018
"Poliquin, Bruce (R-ME)",House,"$2,000",2018
"Rodgers, Cathy McMorris (R-WA)",House,"$2,000",2018
"Rossi, Dino (R-WA)",House,"$2,000",2018
"Stauber, Pete (R-MN)",House,"$2,000",2018
"Watkins, Steve (R-KS)",House,"$2,000",2018
"Sergent, Talley (D-WV)",House,"$1,700",2018
"Harder, Josh (D-CA)",House,"$1,581",2018
"Balderson, Troy (R-OH)",House,"$1,500",2018
"Blackburn, Marsha (R-TN)",House,"$1,500",2018
"Collins, Chris (R-NY)",House,"$1,500",2018
"Ferrara, Steve (R-AZ)",House,"$1,500",2018
"Fischer, Deb (R-NE)",Senate,"$1,500",2018
"Heller, Dean (R-NV)",Senate,"$1,500",2018
"Holding, George (R-NC)",House,"$1,500",2018
"Latta, Robert E (R-OH)",House,"$1,500",2018
"Young, David (R-IA)",House,"$1,500",2018
"Janz, Andrew (D-CA)",House,"$1,455",2018
"Rosen, Jacky (D-NV)",House,"$1,409",2018
"Belote, Dave (D-VA)",House,"$1,250",2018
"Delgado, Antonio (D-NY)",House,"$1,250",2018
"Lujan, Ben R (D-NM)",House,"$1,250",2018
"McCaskill, Claire (D-MO)",Senate,"$1,230",2018
"Nunes, Devin (R-CA)",House,"$1,150",2018
"Nelson, Bill (D-FL)",Senate,"$1,119",2018
"Butner, Josh (D-CA)",House,"$1,100",2018
"Harris, Kamala D (D-CA)",Senate,"$1,055",2018
"Morse, Jessica (D-CA)",House,"$1,030",2018
"Coleman, Linda (D-NC)",House,"$1,029",2018
"Kaine, Tim (D-VA)",Senate,"$1,025",2018
"Fletcher, Lizzie (D-TX)",House,"$1,010",2018
"Krishnamoorthi, Raja (D-IL)",House,"$1,005",2018
"Ruiz, Raul (D-CA)",House,"$1,005",2018
"Slotkin, Elissa (D-MI)",House,"$1,004",2018
"Cardenas, Tony (D-CA)",House,"$1,000",2018
"Chavez, Rocky (R-CA)",House,"$1,000",2018
"Clarke, Yvette D (D-NY)",House,"$1,000",2018
"Costello, Ryan (R-PA)",House,"$1,000",2018
"Deutch, Ted (D-FL)",House,"$1,000",2018
"Esty, Elizabeth (D-CT)",House,"$1,000",2018
"Flake, Jeff (R-AZ)",Senate,"$1,000",2018
"Gosar, Paul (R-AZ)",House,"$1,000",2018
"Gottheimer, Josh (D-NJ)",House,"$1,000",2018
"Handel, Karen (R-GA)",House,"$1,000",2018
"Higgins, Brian M (D-NY)",House,"$1,000",2018
"Lofgren, Zoe (D-CA)",House,"$1,000",2018
"Meier, Edward (D-TX)",House,"$1,000",2018
"Neal, Richard E (D-MA)",House,"$1,000",2018
"Royce, Ed (R-CA)",House,"$1,000",2018
"Rubio, Marco (R-FL)",Senate,"$1,000",2018
"Ruppersberger, Dutch (D-MD)",House,"$1,000",2018
"Stover, Lindsey Davis (D-VA)",House,"$1,000",2018
"Tillis, Thom (R-NC)",Senate,"$1,000",2018
"Upton, Fred (R-MI)",House,"$1,000",2018
"Wicker, Roger (R-MS)",Senate,"$1,000",2018
"Yarmuth, John A (D-KY)",House,"$1,000",2018
"Kennedy, Joe III (D-MA)",House,$925,2018
"Warren, Elizabeth (D-MA)",Senate,$916,2018
"Fenenbock, Dori (D-TX)",House,$750,2018
"Sayed, Shamus (R-CA)",House,$750,2018
"Sherrill, Mikie (D-NJ)",House,$750,2018
"Oliver, Julie (D-TX)",House,$675,2018
"Applegate, Douglas L (D-CA)",House,$630,2018
"Booker, Cory (D-NJ)",Senate,$625,2018
"Cruz, Ted (R-TX)",Senate,$600,2018
"Bredesen, Philip (D-TN)",Senate,$564,2018
"Tester, Jon (D-MT)",Senate,$530,2018
"Cantwell, Maria (D-WA)",Senate,$525,2018
"Masto, Catherine Cortez (D-NV)",Senate,$514,2018
"O'Donnell, James (R-NY)",House,$501,2018
"Blum, Rod (R-IA)",House,$500,2018
"Bost, Mike (R-IL)",House,$500,2018
"Brindisi, Anthony (D-NY)",House,$500,2018
"Coffman, Mike (R-CO)",House,$500,2018
"Culberson, John (R-TX)",House,$500,2018
"Debono, Dan (R-NY)",House,$500,2018
"Epstein, Lena (R-MI)",House,$500,2018
"Faso, John (R-NY)",House,$500,2018
"Fitzpatrick, Brian (R-PA)",House,$500,2018
"Gabbard, Tulsi (D-HI)",House,$500,2018
"Harris, Mark (R-NC)",House,$500,2018
"Ing, Kaniela (D-HI)",House,$500,2018
"Katko, John (R-NY)",House,$500,2018
"Kerrigan, Stephen (D-MA)",House,$500,2018
"Lewis, Jason (R-MN)",House,$500,2018
"MacArthur, Thomas (R-NJ)",House,$500,2018
"Paulsen, Erik (R-MN)",House,$500,2018
"Rosendale, Matt (R-MT)",Senate,$500,2018
"Tenney, Claudia (R-NY)",House,$500,2018
"Vela, Filemon (D-TX)",House,$500,2018
"Ossoff, Jon (D-GA)",House,$450,2018
"Sherman, Brad (D-CA)",House,$400,2018
"Stevens, Haley (D-MI)",House,$375,2018
"O'Connor, Danny (D-OH)",House,$362,2018
"Rouda, Harley (D-CA)",House,$325,2018
"McCready, Dan (D-NC)",House,$313,2018
"Canova, Tim (I-FL)",House,$300,2018
"Huff, Bob (R-CA)",House,$300,2018
"Malinowski, Tom (D-NJ)",House,$275,2018
"Welle, Josh (D-NJ)",House,$275,2018
"Driskell, Gretchen (D-MI)",House,$254,2018
"Denney, Audrey (D-CA)",House,$250,2018
"Espy, Mike (D-MS)",Senate,$250,2018
"Jacob, Peter (D-NJ)",House,$250,2018
"Khanna, Ro (D-CA)",House,$250,2018
"Kline, Danner (D-AL)",House,$250,2018
"Lamb, Conor (D-PA)",House,$250,2018
"Wilson, Katie (D-NY)",House,$250,2018
"Scholten, JD (D-IA)",House,$225,2018
"Tran, Mai-Khanh (D-CA)",House,$225,2018
"Hegar, MJ (D-TX)",House,$204,2018
"Quist, Robert E. (D-MT)",House,$170,2018
"Donnelly, Joe (D-IN)",Senate,$130,2018
"Golden, Jared (D-ME)",House,$100,2018
"King, Jess (D-PA)",House,$100,2018
"Saad, Fayrouz (D-MI)",House,$100,2018
"McGrath, Amy (D-KY)",House,$89,2018
"Lewis, John (D-GA)",House,$86,2018
"Hartson, Alison (D-CA)",Senate,$81,2018
"Bryce, Randy (D-WI)",House,$57,2018
"Beauregard, Pierre (D-CA)",House,$50,2018
"Cisneros, Gil (D-CA)",House,$50,2018
"Trump, Donald (R)",Pres,$41,2018
"Kirkpatrick, Ann (D-AZ)",House,$40,2018
"Baldwin, Tammy (D-WI)",Senate,$37,2018
"Leahy, Patrick (D-VT)",Senate,$35,2018
"Allred, Colin (D-TX)",House,$31,2018
"Craig, Angie (D-MN)",House,$29,2018
"Mucarsel-Powell, Debbie (D-FL)",House,$29,2018
"Spanberger, Abigail (D-VA)",House,$29,2018
Paula Jean Swearengin (D-WV),Senate,$27,2018
"Ryan, Tim (D-OH)",House,$26,2018
"Casten, Sean (D-IL)",House,$25,2018
"Myers, Cathy (D-WI)",House,$25,2018
"Bustos, Cheri (D-IL)",House,$15,2018
"Ellison, Keith (D-MN)",House,$15,2018
"Merkley, Jeff (D-OR)",Senate,$15,2018
"Baer, Lauren (D-FL)",House,$14,2018
"McBath, Lucy (D-GA)",House,$14,2018
"Crow, Jason (D-CO)",House,$6,2018
"Wild, Susan (D-PA)",House,$6,2018
"Davids, Sharice (D-KS)",House,$5,2018
"Duckworth, Tammy (D-IL)",Senate,$5,2018
"Eastman, Kara (D-NE)",House,$5,2018
"Kuster, Ann (D-NH)",House,$5,2018
"Murphy, Christopher S (D-CT)",Senate,$5,2018
"Underwood, Lauren A (D-IL)",House,$5,2018
"Whitehouse, Sheldon (D-RI)",Senate,$5,2018
"Axne, Cindy (D-IA)",House,$4,2018
"Balter, Dana (D-NY)",House,$4,2018
"Bush, Diane Mitsch (D-CO)",House,$4,2018
"Galvin, Alyse (D-AK)",House,$4,2018
"Luria, Elaine (D-VA)",House,$4,2018
"Manning, Kathy (D-NC)",House,$4,2018
"Watson, Liz (D-IN)",House,$4,2018
"Brown, Sherrod (D-OH)",Senate,$2,2018
"Hoyos, Renee (D-TN)",House,$2,2018
"Barzee Flores, Mary (D-FL)",House,$1,2018
"Long, Carolyn (D-WA)",House,$1,2018
"Rader, Betsy (D-OH)",House,$1,2018
"Small, Xochitl Torres (D-NM)",House,$1,2018
"Wadkins, Randy (D-MS)",House,$1,2018
"Williams, Kathleen (D-MT)",House,$1,2018
